id,date,sumsshr,sumgsr,hr1maxicsr,avgta,avgpa,avgps
0,2017-01-01,9.2,10.63,1.81,6.5,1018.6,1027.3
1,2017-01-02,8.9,10.12,1.71,9.5,1013,1021.5
2,2017-01-03,9.1,11.13,1.8,7.9,1013.8,1022.4
3,2017-01-04,8,8.79,1.72,8.1,1013.9,1022.4
4,2017-01-05,2.6,5.33,1.43,7.8,1017.5,1026.1
5,2017-01-06,6.8,9.2,2.09,7.5,1017.8,1026.4
6,2017-01-07,2.9,6.57,1.19,8.7,1012.1,1020.6
7,2017-01-08,1.9,4.85,0.84,9.3,1003.9,1012.4
8,2017-01-09,8.9,9.34,1.66,7.3,1005.5,1014
9,2017-01-10,9.4,11.83,1.93,3.5,1011.3,1020
10,2017-01-11,9.4,11.31,2,1.1,1014.6,1023.3
11,2017-01-12,7.3,9.43,1.84,3.9,1008,1016.6
12,2017-01-13,7.5,10.09,1.78,1.5,1006.4,1015.2
13,2017-01-14,9.5,12.72,2,-2.4,1011.8,1020.7
14,2017-01-15,9.7,12.91,2,-1.5,1015.4,1024.3
15,2017-01-16,9.7,12.5,1.98,1.4,1017.9,1026.7
16,2017-01-17,6,8.79,1.65,4.4,1021.3,1030.1
17,2017-01-18,5.7,8.14,1.51,5.3,1019.1,1027.7
18,2017-01-19,8.6,8.78,1.55,4.9,1013.1,1021.8
19,2017-01-20,8.7,10.92,1.88,2.1,1009.5,1018.2
20,2017-01-21,8.5,10.66,1.72,0,1016.9,1025.7
21,2017-01-22,9.4,12.51,2.06,0.6,1014.9,1023.7
22,2017-01-23,9.8,13.18,2.12,-2.5,1019.1,1028
23,2017-01-24,10,13.62,2.17,-1.1,1022.4,1031.3
24,2017-01-25,9.9,13.81,2.22,1.2,1022.8,1031.7
25,2017-01-26,9.8,13.59,2.2,3.8,1018.4,1027.1
26,2017-01-27,6.4,10.86,2.14,7.2,1015.3,1023.9
27,2017-01-28,9.6,13.38,2.17,6.5,1016.9,1025.5
28,2017-01-29,0,0.99,0.14,8,1008.5,1017
29,2017-01-30,9.4,12.27,2.09,3.3,1011.5,1020.2
30,2017-01-31,9.2,11.75,1.95,3.1,1016.9,1025.6
31,2017-02-01,5.5,9.62,2.12,2.3,1015.9,1024.6
32,2017-02-02,10.3,15.21,2.26,3.4,1017.5,1026.3
33,2017-02-03,10.1,14.33,2.19,5.5,1015.7,1024.4
34,2017-02-04,6.9,12.19,2.05,9.5,1011.1,1019.6
35,2017-02-05,3.2,6.83,1.6,7.3,1002.7,1011.1
36,2017-02-06,10,15.03,2.33,4,1010.1,1018.7
37,2017-02-07,6.2,10.98,2.09,4.4,1014.7,1023.3
38,2017-02-08,0.2,6.93,1.12,6.1,1007.9,1016.4
39,2017-02-09,9.9,15.36,2.4,1,1002.2,1010.9
40,2017-02-10,10.3,16.07,2.41,-1.5,1006.3,1015.1
41,2017-02-11,10.4,16.18,2.45,-0.5,1013.1,1021.9
42,2017-02-12,10.5,16.83,2.5,2.2,1017.8,1026.6
43,2017-02-13,10.1,14.84,2.36,4.7,1020.6,1029.3
44,2017-02-14,10.2,15.77,2.46,5.5,1022.2,1030.9
45,2017-02-15,10.4,16.2,2.52,7.3,1020.2,1028.9
46,2017-02-16,9.1,13.38,2.19,11.7,1012.7,1021.1
47,2017-02-17,9.5,13.57,2.06,12.1,1008.1,1016.4
48,2017-02-18,10.1,17.52,2.68,4,1013.4,1022.1
49,2017-02-19,9.9,15.99,2.54,6.7,1009.6,1018.1
50,2017-02-20,6.8,12.55,2.44,9.4,1003.6,1012
51,2017-02-21,10.1,15.65,2.52,5.2,1020.3,1029
52,2017-02-22,0,1.42,0.34,8.2,1006.1,1014.6
53,2017-02-23,9.2,16.85,2.68,5.4,1005.6,1014.2
54,2017-02-24,10,18.43,2.76,2.8,1013.3,1022
55,2017-02-25,10.4,17.53,2.68,5.7,1012.9,1021.5
56,2017-02-26,8.2,14.67,2.42,6.4,1015,1023.6
57,2017-02-27,7.9,12.6,2.03,7.5,1017.6,1026.2
58,2017-02-28,10.7,17.68,2.7,8.8,1015.8,1024.4
59,2017-03-01,7.7,14.62,2.43,9.3,1007.4,1015.9
60,2017-03-02,8.2,15.99,2.69,6.6,1003.5,1012
61,2017-03-03,10.8,18.89,2.77,6.7,1010.6,1019.1
62,2017-03-04,9.5,18.54,2.76,9.7,1009.6,1018
63,2017-03-05,0.5,11.67,1.99,10.2,1006.2,1014.6
64,2017-03-06,8.8,19.39,2.91,7.1,1003.9,1012.4
65,2017-03-07,11.1,19.89,2.91,3.1,1005.8,1014.5
66,2017-03-08,1.8,18.96,2.89,2.9,1005.5,1014.1
67,2017-03-09,,19.79,2.83,6.9,1004.5,1012.9
68,2017-03-10,,20.17,2.88,8.6,1009.5,1018
69,2017-03-11,,18.31,2.39,10.3,1014.4,1022.9
70,2017-03-12,,16.79,2.81,11.3,1011.9,1020.3
71,2017-03-13,3.4,16.37,2.56,10.9,1008,1016.4
72,2017-03-14,7.4,11.6,1.76,8.7,1008.2,1016.6
73,2017-03-15,11.3,19.7,2.86,7.6,1013.7,1022.3
74,2017-03-16,6.3,14.23,2.54,9,1012.8,1021.3
75,2017-03-17,11,19.27,2.76,10.6,1014.3,1022.8
76,2017-03-18,5.3,11.15,2.25,11.3,1015.1,1023.6
77,2017-03-19,10.5,19.11,2.69,12.4,1016.7,1025.1
78,2017-03-20,0.2,6.64,1.27,10.7,1010.2,1018.6
79,2017-03-21,6.4,16.79,2.77,9.2,1006.1,1014.6
80,2017-03-22,6.6,15.83,2.52,9.1,1011.7,1020.2
81,2017-03-23,5,13.44,1.96,11.6,1010.8,1019.2
82,2017-03-24,4.7,12.52,2.2,9.9,1013.1,1021.6
83,2017-03-25,4.6,12.66,2.18,9.1,1011.1,1019.6
84,2017-03-26,1,6.49,1.51,6.9,1009.1,1017.7
85,2017-03-27,8.8,16.7,2.75,7.2,1010.7,1019.3
86,2017-03-28,10,20.66,2.92,9.3,1014.3,1022.8
87,2017-03-29,0,4.06,0.7,9,1013.7,1022.2
88,2017-03-30,11.2,22,3.07,12.5,1011.8,1020.1
89,2017-03-31,0.1,4.54,0.85,9.9,1009.4,1017.9
90,2017-04-01,3.2,9.02,2.05,8.8,1006.9,1015.4
91,2017-04-02,8.2,20.33,2.89,9.3,1009.4,1017.9
92,2017-04-03,7.5,23.71,3.22,14.9,1012.8,1021.1
93,2017-04-04,11.4,23.14,3.21,16.1,1015.5,1023.8
94,2017-04-05,0,2.99,0.51,14.5,1011.8,1020.1
95,2017-04-06,0,1.26,0.23,14.7,1004.2,1012.5
96,2017-04-07,10.2,22.61,3.15,16,1005.2,1013.4
97,2017-04-08,11,22.24,3.02,16.1,1002.5,1010.6
98,2017-04-09,7.3,16.76,2.54,14.3,1005.7,1014
99,2017-04-10,4.8,14.9,2.58,12.4,1003.9,1012.2
100,2017-04-11,4.9,11.22,2.44,12.8,996.1,1004.3
101,2017-04-12,11.3,24,3.22,13.7,1004.4,1012.7
102,2017-04-13,11.5,22.85,3.04,15,1008.9,1017.2
103,2017-04-14,9.1,20.37,3.35,15.9,1006.8,1015.1
104,2017-04-15,10.7,22.06,3.12,17.8,1006.1,1014.2
105,2017-04-16,10.8,22.54,3.05,16.1,1006.7,1014.9
106,2017-04-17,0,0.95,0.36,15.7,992.8,1000.9
107,2017-04-18,9.7,21.51,3.16,15.2,992,1000.1
108,2017-04-19,12.2,24.83,3.25,15.1,1000.7,1008.9
109,2017-04-20,3.4,14.13,2.59,15.3,1003.1,1011.4
110,2017-04-21,4.5,21.23,3.06,15.5,1001.8,1010
111,2017-04-22,7.2,22.92,3.17,14,1005.3,1013.6
112,2017-04-23,10,25.57,3.25,14.4,1009.9,1018.2
113,2017-04-24,10.6,26.38,3.37,16.1,1012,1020.2
114,2017-04-25,0.6,11.36,2.37,17.6,1011,1019.2
115,2017-04-26,2.3,7.21,1.77,14.4,1006.7,1015
116,2017-04-27,7.4,23.57,3.31,14.5,1002.6,1010.8
117,2017-04-28,2.8,24.93,3.27,15.6,998.9,1007.1
118,2017-04-29,,25.46,3.24,17.9,999.4,1007.5
119,2017-04-30,,23.3,3,19,1001,1009
120,2017-05-01,,25.96,3.36,18.1,1009.2,1017.3
121,2017-05-02,9.7,21.52,2.86,16.2,1014.7,1022.9
122,2017-05-03,12,26.87,3.41,17.4,1013.8,1022
123,2017-05-04,10.8,24.37,3.08,19,1009.1,1017.3
124,2017-05-05,2.5,12.36,2.69,19.1,1006,1014.1
125,2017-05-06,10.5,22.47,3.17,19.9,1006.1,1014.2
126,2017-05-07,12.3,25.96,3.24,19.9,1004.9,1013
127,2017-05-08,7.7,18.26,2.92,19.9,1005.2,1013.3
128,2017-05-09,0,2.4,0.42,15.3,1003.5,1011.7
129,2017-05-10,7.2,15.56,2.97,17.5,1001.7,1009.8
130,2017-05-11,9.2,20.73,3.19,18.3,1004.4,1012.5
131,2017-05-12,0,2.57,0.43,16.9,1002.6,1010.7
132,2017-05-13,12.1,23.21,3.07,18.1,998.6,1006.7
133,2017-05-14,12.7,27.07,3.41,19,1001,1009.1
134,2017-05-15,10.5,20.66,2.9,17.7,1003.4,1011.6
135,2017-05-16,11.6,23.6,3.24,17.7,1002.1,1010.3
136,2017-05-17,10.1,21.39,2.86,17.7,1003.3,1011.4
137,2017-05-18,12.6,26.21,3.27,19.2,1007,1015.1
138,2017-05-19,12.7,27.06,3.31,22.4,1007.1,1015.1
139,2017-05-20,11.5,24.86,3.05,21.9,1006.7,1014.7
140,2017-05-21,10.2,23.59,3.07,21,1006.7,1014.7
141,2017-05-22,12.7,26.91,3.29,20.4,1006.4,1014.5
142,2017-05-23,8,18.9,3,19.4,1003.2,1011.2
143,2017-05-24,8.8,19.82,2.59,19.4,1000.4,1008.4
144,2017-05-25,12.7,26.74,3.32,21.2,996.5,1004.4
145,2017-05-26,12.6,25.38,3.23,17.1,999.5,1007.6
146,2017-05-27,12.9,27.63,3.37,17.8,1004.3,1012.5
147,2017-05-28,12.7,25.13,3.1,19.7,1005,1013.1
148,2017-05-29,12.6,26.09,3.18,21,1003.3,1011.3
149,2017-05-30,10.3,21.84,2.93,21.7,1001.2,1009.2
150,2017-05-31,7,17.06,2.98,20.4,995.7,1003.7
151,2017-06-01,11.6,23.7,3.08,21.3,991,998.9
152,2017-06-02,12.7,26.81,3.32,18.2,996.6,1004.7
153,2017-06-03,11.3,26.41,3.35,19.7,999.3,1007.4
154,2017-06-04,12.9,26.71,3.18,20,1003.1,1011.2
155,2017-06-05,11.8,26.26,3.14,19.7,1008.1,1016.2
156,2017-06-06,0.2,9.39,1.49,18.7,1007.4,1015.5
157,2017-06-07,2.1,9.85,1.78,19.2,998,1006
158,2017-06-08,13,28.12,3.38,20.4,1000.7,1008.7
159,2017-06-09,12.7,26.57,3.38,22.5,999.7,1007.7
160,2017-06-10,8.1,20.89,3,21.1,999.4,1007.3
161,2017-06-11,11.5,25.33,3.25,20.4,1001.1,1009.1
162,2017-06-12,9,20.08,2.97,18.8,1007.4,1015.5
163,2017-06-13,10,23.87,3.11,18.7,1006.9,1015
164,2017-06-14,12.9,27,3.35,20.9,1002,1010
165,2017-06-15,12.3,26.35,3.23,23.2,999.1,1007.1
166,2017-06-16,12.9,27.07,3.28,20.8,1003.4,1011.4
167,2017-06-17,12.5,25.22,3.12,20.3,1003.4,1011.5
168,2017-06-18,12.5,25.98,3.26,21.6,1002.2,1010.2
169,2017-06-19,12.7,25.19,3.04,22.3,1001.1,1009.1
170,2017-06-20,0,7.41,1.27,21.4,998.1,1006.1
171,2017-06-21,9.4,23.92,3.22,22,998.3,1006.3
172,2017-06-22,12.2,24.46,3.22,22.5,1000.5,1008.5
173,2017-06-23,10.2,23.26,3.06,23.4,999.1,1007.1
174,2017-06-24,4.8,14.49,2.53,23,995.5,1003.4
175,2017-06-25,4.4,15.08,1.81,23,995.2,1003.1
176,2017-06-26,1.8,11.31,1.74,22.8,1000,1008
177,2017-06-27,5.3,16.16,2.57,22.8,1003,1010.9
178,2017-06-28,10.2,23.05,3.13,23.6,1004.6,1012.5
179,2017-06-29,0,6.51,0.9,21.9,1004.2,1012.2
180,2017-06-30,8.4,20.26,2.99,24.2,1001,1008.9
181,2017-07-01,4.9,18.51,3.21,25.3,1000.8,1008.7
182,2017-07-02,3.1,10.54,1.64,24.8,1002.1,1010
183,2017-07-03,0.8,8.18,1.27,25.3,1000.8,1008.6
184,2017-07-04,4.2,13.87,2.73,24,998.8,1006.7
185,2017-07-05,4,17.56,2.53,23.6,1003.2,1011.1
186,2017-07-06,0.8,11.07,1.62,24.1,1003.4,1011.3
187,2017-07-07,0.3,8.99,1.06,24.8,1002.3,1010.2
188,2017-07-08,0.6,12.53,1.69,25.5,1000.8,1008.7
189,2017-07-09,9.9,22.27,3.39,25.6,1000,1007.8
190,2017-07-10,0,4.85,0.99,24.9,997.6,1005.5
191,2017-07-11,1.9,13.08,1.79,24.6,1000.4,1008.3
192,2017-07-12,11.8,26.87,3.37,26.2,1001.5,1009.4
193,2017-07-13,12,27.08,3.33,25.3,999.9,1007.8
194,2017-07-14,8.5,22.19,3.25,26.6,1001.1,1008.9
195,2017-07-15,4.3,16.16,2.59,26.9,1003.4,1011.3
196,2017-07-16,7.8,22.34,3.01,27.6,1004.7,1012.5
197,2017-07-17,7.2,18.2,3.3,27.2,1004.4,1012.3
198,2017-07-18,5.4,15.32,2.67,26.2,1001.4,1009.3
199,2017-07-19,10.8,23.28,2.99,27.5,999,1006.8
200,2017-07-20,11.4,22.9,3.12,26.6,999.8,1007.6
201,2017-07-21,10.3,24.5,3.26,28.3,1001.2,1009
202,2017-07-22,10.7,22.37,2.85,27.9,1002,1009.9
203,2017-07-23,7.1,17.45,2.54,26.9,998.1,1005.9
204,2017-07-24,6.9,18.33,2.93,27.4,995.2,1003
205,2017-07-25,0,6.99,0.97,25.8,996,1003.8
206,2017-07-26,11.8,25.7,3.3,26.2,1000.2,1008
207,2017-07-27,12.7,26.38,3.28,25.5,1000.9,1008.7
208,2017-07-28,12,23.8,2.9,26.9,1000.7,1008.5
209,2017-07-29,2,14.54,2.48,25.9,1000.5,1008.4
210,2017-07-30,8.7,21.33,3.09,26.8,1000.2,1008
211,2017-07-31,4.8,16.54,2.34,27.4,1001.4,1009.3
212,2017-08-01,8.3,21.36,3.16,27.4,1002.3,1010.2
213,2017-08-02,7.2,17.59,2.83,26.7,1000.4,1008.2
214,2017-08-03,12.5,26.39,3.32,27.9,998.2,1006
215,2017-08-04,12.6,26.23,3.33,29.8,997.6,1005.4
216,2017-08-05,12.6,26.07,3.31,30.7,995.4,1003.1
217,2017-08-06,12.6,26.41,3.34,31.7,991.8,999.5
218,2017-08-07,10.1,19.65,2.58,29.8,990.6,998.3
219,2017-08-08,7.1,18.49,3.04,29.8,991.7,999.4
220,2017-08-09,1.2,7.34,1.82,27.3,989.5,997.2
221,2017-08-10,5.9,15.31,2.38,28.3,991.5,999.3
222,2017-08-11,8.5,16.66,2.39,26.9,998.1,1005.9
223,2017-08-12,7.1,13.55,2.36,26.1,1002.6,1010.4
224,2017-08-13,2.5,12.15,2.54,25.3,1002.5,1010.4
225,2017-08-14,0,3.05,0.52,23.6,998.2,1006.2
226,2017-08-15,0.5,7.81,1.06,25,996.2,1004.1
227,2017-08-16,0.5,5.87,0.98,25.9,997.2,1005
228,2017-08-17,6,14.43,2.05,25.9,1000.1,1008
229,2017-08-18,2.7,11.12,2.3,25.9,1003.3,1011.2
230,2017-08-19,6,14.86,2.2,26.2,1004.5,1012.4
231,2017-08-20,4.9,11.97,1.63,26.7,1002.7,1010.6
232,2017-08-21,2.9,10.49,1.3,27.5,1001.7,1009.5
233,2017-08-22,4.4,10.3,1.49,26.7,1005.1,1013
234,2017-08-23,10.7,20.02,2.92,28.7,1005.3,1013.2
235,2017-08-24,10.1,20.12,3.14,29.2,1000.4,1008.2
236,2017-08-25,8,14.61,2.57,27.1,999.8,1007.6
237,2017-08-26,11.6,22.84,3.09,26,1004.6,1012.5
238,2017-08-27,12.1,23.67,3.15,25.2,1007,1014.9
239,2017-08-28,11.4,20.65,2.84,26.1,1003.8,1011.7
240,2017-08-29,8.5,16.81,2.77,25.8,1003.3,1011.2
241,2017-08-30,7.1,15.23,2.37,23.8,1003.2,1011.1
242,2017-08-31,11.6,20.51,2.8,23.5,1002.3,1010.2
243,2017-09-01,8.9,18.56,3.13,22.8,1003.5,1011.5
244,2017-09-02,8.4,15.77,2.33,22.6,1004.3,1012.2
245,2017-09-03,11.1,20.94,3.16,23.2,1006.9,1014.9
246,2017-09-04,4.3,11.25,2.2,23.5,1007,1015
247,2017-09-05,0.2,5.23,1.06,23.8,1003,1011
248,2017-09-06,0,3.79,0.97,22.8,999.3,1007.2
249,2017-09-07,2.6,8.83,1.25,21.1,998.7,1006.7
250,2017-09-08,10.7,21.15,3.02,24.1,1002.7,1010.6
251,2017-09-09,10.5,16.87,2.65,24.6,1004.7,1012.6
252,2017-09-10,7.6,17.06,2.6,24.6,1005.8,1013.7
253,2017-09-11,0.8,4.86,1.93,22.9,997.6,1005.5
254,2017-09-12,10.8,21.76,3.04,23.9,1004.5,1012.4
255,2017-09-13,11.3,21.69,2.98,23.2,1009.5,1017.5
256,2017-09-14,10.7,21.55,3.19,22.9,1010.4,1018.4
257,2017-09-15,4.1,10.76,1.73,22.2,1009.5,1017.5
258,2017-09-16,0.3,4.73,1,22.3,1003.5,1011.5
259,2017-09-17,1.6,5.12,1.72,21.7,995.6,1003.6
260,2017-09-18,11.3,20.52,2.89,22.8,1000.4,1008.3
261,2017-09-19,7.9,13.29,2.1,23.3,1002.7,1010.6
262,2017-09-20,3.1,9.43,1.48,22.7,1003,1011
263,2017-09-21,10.6,16.54,2.35,21.5,1006,1014
264,2017-09-22,9.1,16,2.78,22.2,1004.7,1012.7
265,2017-09-23,4.4,10.33,1.6,22.1,1007.4,1015.5
266,2017-09-24,10.3,17.09,2.63,22.7,1007.5,1015.5
267,2017-09-25,10.1,16.89,2.52,23.9,1006.4,1014.4
268,2017-09-26,11,18.54,2.69,23.2,1004.7,1012.7
269,2017-09-27,0,1.46,0.33,20.4,996.9,1004.9
270,2017-09-28,9.2,14.49,2.03,21.2,1001.3,1009.3
271,2017-09-29,11.2,18.7,2.61,18.4,1009.1,1017.2
272,2017-09-30,11.5,18.16,2.54,20.2,1014.1,1022.3
273,2017-10-01,0.5,3.5,0.67,20.4,1009.6,1017.7
274,2017-10-02,2.1,7.53,2.39,21.6,1001.3,1009.4
275,2017-10-03,8.7,13.4,2,21,1008.3,1016.4
276,2017-10-04,6.6,11.68,2.31,19.2,1014.1,1022.3
277,2017-10-05,2.6,7.6,2.09,18.6,1014.7,1022.8
278,2017-10-06,1.4,4.48,1.48,18.5,1009.2,1017.4
279,2017-10-07,3.9,9.79,2.33,21.2,1011,1019.1
280,2017-10-08,10.2,17.03,2.72,22,1014.3,1022.4
281,2017-10-09,10.7,16.56,2.45,22.5,1013.3,1021.3
282,2017-10-10,10.2,16.01,2.42,23.4,1010.5,1018.5
283,2017-10-11,3.4,8.21,1.63,22.6,1008.1,1016.2
284,2017-10-12,0,0.6,0.25,16.7,1009.5,1017.7
285,2017-10-13,10.1,16.61,2.53,16.9,1010.9,1019.2
286,2017-10-14,6.1,10.73,2.09,17.2,1014.9,1023.1
287,2017-10-15,0,2.29,0.61,16,1017.3,1025.6
288,2017-10-16,0.1,3.86,0.85,17.5,1016.1,1024.3
289,2017-10-17,2.3,5.01,1.4,17.9,1014.9,1023.1
290,2017-10-18,0,2.63,0.55,17.4,1013.3,1021.5
291,2017-10-19,5.9,9.46,1.9,17.8,1009.3,1017.5
292,2017-10-20,9.3,11.22,1.95,18.3,1009.2,1017.3
293,2017-10-21,10.1,11.92,1.67,18.4,1007,1015.2
294,2017-10-22,5.8,8.84,1.97,18.3,999.6,1007.7
295,2017-10-23,7.3,11.08,2.21,15.3,1008.4,1016.6
296,2017-10-24,4.7,7.17,1.91,14.2,1015.2,1023.6
297,2017-10-25,10.3,13.9,2.31,15,1015.7,1024.1
298,2017-10-26,8.4,12.08,1.93,16.1,1012.7,1021
299,2017-10-27,9.3,11.14,2.08,17.8,1010.9,1019
300,2017-10-28,0.7,3.39,0.8,18.1,1010.1,1018.2
301,2017-10-29,8.7,12.12,2.17,17.4,1004.4,1012.6
302,2017-10-30,10.1,14.32,2.16,11.3,1014.2,1022.7
303,2017-10-31,10.1,14.96,2.17,13.6,1015.6,1024
304,2017-11-01,10,12.9,2.13,14.8,1012.6,1020.9
305,2017-11-02,8.6,10.74,1.92,16.4,1009.4,1017.6
306,2017-11-03,9.3,10.6,1.82,17.1,1009.5,1017.7
307,2017-11-04,9.6,11.85,2.1,11,1017.5,1026
308,2017-11-05,9.5,11.99,1.83,11.9,1019,1027.4
309,2017-11-06,10,11.18,1.78,13.8,1015.4,1023.8
310,2017-11-07,5.8,5.12,1.12,16.1,1013,1021.2
311,2017-11-08,8.8,9.71,2.05,18.1,1009.3,1017.4
312,2017-11-09,9,10.18,2.01,14.8,1014.6,1023
313,2017-11-10,8.2,6.85,1.42,16.4,1007.3,1015.5
314,2017-11-11,9.9,10.59,1.83,10,1010.9,1019.4
315,2017-11-12,9.4,8.59,1.63,11.7,1012.4,1020.8
316,2017-11-13,7.4,8.06,1.63,13.3,1009,1017.3
317,2017-11-14,8.9,9.09,1.6,13.7,1008.9,1017.2
318,2017-11-15,9.7,10.14,1.92,9.2,1011.8,1020.3
319,2017-11-16,9.8,11.58,2.04,7.1,1015.2,1023.8
320,2017-11-17,5.2,6.16,1.03,10.4,1010.5,1019
321,2017-11-18,8.1,10.62,1.87,7,1008.6,1017.2
322,2017-11-19,8.9,12.5,2.04,3.3,1016.5,1025.2
323,2017-11-20,8.9,11.98,2,6,1016.7,1025.3
324,2017-11-21,9.4,11.23,1.93,8.5,1016.9,1025.5
325,2017-11-22,1.4,4.92,1.03,9.3,1009.4,1017.9
326,2017-11-23,9.3,11.22,1.93,5.6,1011.9,1020.5
327,2017-11-24,8.3,10.99,1.99,5.8,1015.4,1024.1
328,2017-11-25,7.2,9.97,1.93,7.2,1018.3,1026.9
329,2017-11-26,5.6,5.81,1.27,12.2,1014.6,1023
330,2017-11-27,8.5,9.06,1.51,12.3,1016.5,1025
331,2017-11-28,6.3,6.28,1.65,14.1,1013.2,1021.5
332,2017-11-29,4.3,3.75,0.99,12.8,1013,1021.4
333,2017-11-30,5.4,5.48,1.14,7.3,1014.2,1022.8
334,2017-12-01,9.4,12.24,2.03,2.4,1019.9,1028.6
335,2017-12-02,8.4,10.47,1.94,5,1019.4,1028.1
336,2017-12-03,8,9.04,1.68,7.9,1015.1,1023.7
337,2017-12-04,8.3,8.71,1.53,7,1010.3,1018.9
338,2017-12-05,9.2,11.75,1.96,0.4,1012.3,1021.1
339,2017-12-06,9.3,10.68,1.79,3.8,1015.2,1023.9
340,2017-12-07,8.3,8.59,1.49,6.9,1011.9,1020.5
341,2017-12-08,9.2,11.62,1.93,1.5,1011.6,1020.3
342,2017-12-09,7.4,9.34,1.84,3.4,1011.7,1020.4
343,2017-12-10,4.5,5.33,1.27,6.7,1005.7,1014.2
344,2017-12-11,9.2,11.21,1.87,1.2,1011.4,1020.2
345,2017-12-12,9.3,11.29,1.94,-2.7,1018.4,1027.3
346,2017-12-13,9.3,11.55,1.92,-1.3,1019.6,1028.5
347,2017-12-14,7.8,9.67,1.7,2.9,1020.5,1029.3
348,2017-12-15,8.1,10.01,1.76,4.8,1015.8,1024.5
349,2017-12-16,8.1,8.54,1.47,1.9,1015.2,1024
350,2017-12-17,9.2,11.48,1.91,-1.4,1019.6,1028.6
351,2017-12-18,9.2,10.47,1.73,2.6,1019.3,1028
352,2017-12-19,8.1,10.39,1.81,3.5,1019.6,1028.3
353,2017-12-20,9.3,11.23,1.87,1.9,1021.6,1030.4
354,2017-12-21,9,11.1,1.83,4.3,1020.7,1029.4
355,2017-12-22,9.2,10.78,1.82,5.1,1017.6,1026.3
356,2017-12-23,7.6,9.22,1.79,8,1014.9,1023.5
357,2017-12-24,1.7,1.89,0.68,8.8,1003.9,1012.3
358,2017-12-25,9.2,11.43,1.91,3.4,1011.8,1020.5
359,2017-12-26,8.9,9.26,1.61,3,1013.6,1022.3
360,2017-12-27,9.3,11.78,1.97,-0.6,1018.1,1026.9
361,2017-12-28,5.1,8.01,1.49,2,1018.5,1027.3
362,2017-12-29,8.3,9.18,1.58,5.8,1016.8,1025.5
363,2017-12-30,5.2,7.89,1.57,6.9,1015.2,1023.8
364,2017-12-31,8.9,10.67,1.84,5.5,1012.2,1020.8
365,2018-01-01,9.3,11.66,1.98,2.7,1017.4,1026.2
366,2018-01-02,8.4,9.87,1.72,4.1,1018.3,1027
367,2018-01-03,9,11.39,2,2.6,1018.5,1027.3
368,2018-01-04,5.1,7.82,1.8,2.8,1015.8,1024.5
369,2018-01-05,6.3,9.6,1.87,4.1,1009.1,1017.8
370,2018-01-06,9.3,11.67,2.02,3.1,1012.5,1021.1
371,2018-01-07,1.6,4.48,0.91,5.4,1012.2,1020.8
372,2018-01-08,0,1.47,0.38,5.8,1000.7,1009.2
373,2018-01-09,8.9,11.31,1.94,1.9,1003.6,1012.2
374,2018-01-10,7.5,9.68,1.81,-0.7,1008,1016.8
375,2018-01-11,9.4,12.36,2.03,-4.6,1015.5,1024.5
376,2018-01-12,9.5,12.67,2.07,-4.8,1020,1029
377,2018-01-13,8.2,10.34,1.88,-0.2,1022.7,1031.6
378,2018-01-14,5.7,8.64,1.77,3.5,1021.1,1029.9
379,2018-01-15,9.3,11.72,1.92,9.3,1014.9,1023.4
380,2018-01-16,0,1.12,0.23,8.8,1008.7,1017.1
381,2018-01-17,1.1,3.47,0.73,6.4,1007.7,1016.3
382,2018-01-18,8.4,10.14,1.82,7.2,1012.5,1021.1
383,2018-01-19,8.9,11.58,1.96,6,1012.9,1021.5
384,2018-01-20,9.2,11.07,1.92,5.2,1012.8,1021.5
385,2018-01-21,7.8,9.08,1.57,6.5,1013.3,1021.9
386,2018-01-22,2.9,5.4,0.93,6.1,1006.4,1014.9
387,2018-01-23,9.5,12.79,2.06,-1.3,1010.8,1019.7
388,2018-01-24,9.8,13.15,2.18,-6.7,1015.9,1025
389,2018-01-25,9.3,13.87,2.24,-5.1,1015.4,1024.4
390,2018-01-26,9.9,14.16,2.24,-5.4,1015.7,1024.7
391,2018-01-27,9.9,13.77,2.2,-1.4,1016.4,1025.3
392,2018-01-28,7.6,11.42,2.07,1.4,1010.1,1018.9
393,2018-01-29,9.7,13.48,2.17,-2.4,1012.2,1021.1
394,2018-01-30,9,13.33,2.19,-2.1,1015.9,1024.8
395,2018-01-31,6.8,8.96,1.68,1.9,1017.7,1026.5
396,2018-02-01,9.7,13.04,2.14,3.3,1017.5,1026.2
397,2018-02-02,6.8,9.77,1.9,2.6,1016.6,1025.4
398,2018-02-03,9.8,14.36,2.27,-0.2,1015,1023.9
399,2018-02-04,10.1,15.09,2.35,-4.7,1015.9,1024.9
400,2018-02-05,10.2,14.71,2.35,-4.4,1015,1024
401,2018-02-06,10.3,15.35,2.41,-5.1,1014.2,1023.2
402,2018-02-07,10.2,15.54,2.41,-3.5,1015.5,1024.4
403,2018-02-08,10,13.4,2.19,0.8,1015.4,1024.2
404,2018-02-09,6.1,10.18,2.12,6.1,1013.4,1022
405,2018-02-10,4.4,7.88,1.73,6.4,1009.6,1018.1
406,2018-02-11,9.3,13.63,2.08,-1.1,1012.9,1021.7
407,2018-02-12,9.7,15.75,2.43,-0.8,1012.1,1020.9
408,2018-02-13,10.2,15.64,2.42,1.8,1014.7,1023.4
409,2018-02-14,8.7,12.7,2.08,8.5,1009.5,1018
410,2018-02-15,6.1,10.18,2.15,7.8,1010.1,1018.7
411,2018-02-16,4.2,8.2,1.6,6.6,1007.2,1015.7
412,2018-02-17,10.1,16.37,2.51,4.1,1012.5,1021.1
413,2018-02-18,6.3,11.46,2.25,4.8,1015.4,1024.1
414,2018-02-19,5,9.3,1.59,7,1013.5,1022.1
415,2018-02-20,9.3,13.78,2.15,8.3,1011.8,1020.4
416,2018-02-21,6.8,11.14,1.85,5.3,1012.4,1021
417,2018-02-22,10.5,14.94,2.38,4.2,1013.3,1021.9
418,2018-02-23,9.4,14.6,2.32,6.8,1014.5,1023.1
419,2018-02-24,9.4,14.23,2.15,8.6,1018,1026.5
420,2018-02-25,3.8,8.83,1.97,8.6,1014.6,1023.2
421,2018-02-26,10.5,15.49,2.28,7.5,1015.7,1024.3
422,2018-02-27,9.8,12.71,2.23,9.2,1014.8,1023.3
423,2018-02-28,0.2,1.04,0.54,9.6,998.8,1007.1
424,2018-03-01,8.7,13.03,2.6,7.4,998.6,1007.1
425,2018-03-02,10.4,15.78,2.61,4.9,1008.4,1017
426,2018-03-03,5.1,9.39,2.18,9.6,1006.9,1015.3
427,2018-03-04,0.9,3.22,0.6,13.2,1006,1014.3
428,2018-03-05,0,0.46,0.29,6.5,1006.8,1015.3
429,2018-03-06,9,12.83,2.47,6.4,1020.5,1029.2
430,2018-03-07,0.2,1.48,0.78,7.2,1018.2,1026.8
431,2018-03-08,0,1.52,0.51,4.9,1006.8,1015.4
432,2018-03-09,1.6,4.67,1.54,4.8,1014.7,1023.3
433,2018-03-10,8.5,8.17,1.77,7.6,1015,1023.6
434,2018-03-11,11,16.54,2.45,9.7,1015.8,1024.3
435,2018-03-12,10.7,15.45,2.3,11.2,1014.4,1022.9
436,2018-03-13,11,13.35,2.46,13.3,1012.3,1020.6
437,2018-03-14,10.5,14.03,2.23,15.3,1012.5,1020.8
438,2018-03-15,0,1.52,0.31,14.3,1006.7,1015
439,2018-03-16,6.4,9.2,2.15,5.3,1015.6,1024.2
440,2018-03-17,9.8,16.89,2.87,6.6,1019.4,1028.1
441,2018-03-18,4,9.13,1.73,10.7,1013,1021.4
442,2018-03-19,0,1.35,0.24,9.6,1006.6,1015
443,2018-03-20,1.9,3.66,1.08,5.7,1012,1020.6
444,2018-03-21,0,3.59,0.59,2.9,1003.7,1012.3
445,2018-03-22,7.7,13.63,2.44,6.8,1004.7,1013.3
446,2018-03-23,11.4,15.44,2.53,9.6,1009.7,1018.1
447,2018-03-24,9.8,14.77,2.7,12.4,1012.8,1021.2
448,2018-03-25,10.3,14.08,2.53,13.9,1014.7,1023.1
449,2018-03-26,11,16.54,2.83,15.5,1011.9,1020.2
450,2018-03-27,10.8,15.26,2.62,16,1009.6,1017.9
451,2018-03-28,11,14.9,2.81,15.6,1008.7,1017
452,2018-03-29,9.8,12.38,2.05,15.1,1011.6,1019.9
453,2018-03-30,11.1,17.2,2.55,12.7,1016.6,1025
454,2018-03-31,10.5,15.71,2.3,14.1,1012.4,1020.8
455,2018-04-01,7,10.96,1.71,16.3,1009.1,1017.3
456,2018-04-02,11,15.47,2.41,17.9,1008.6,1016.8
457,2018-04-03,10.9,15.85,2.47,18.2,1009.4,1017.5
458,2018-04-04,0,1,0.26,11.1,1011.2,1019.6
459,2018-04-05,0,3.82,0.81,10.5,1009,1017.4
460,2018-04-06,5.6,9,2.43,10.7,1000.7,1009.1
461,2018-04-07,10.7,17.61,2.79,6.5,1005.3,1013.8
462,2018-04-08,10.5,19.87,2.99,8.8,1008.8,1017.3
463,2018-04-09,10.7,16.81,2.48,13.6,1009,1017.3
464,2018-04-10,9,10.75,1.77,14.9,1007.8,1016.1
465,2018-04-11,10,17.46,2.74,18.7,1001.3,1009.4
466,2018-04-12,6.8,9.53,1.97,16.3,1008.8,1017
467,2018-04-13,3.8,6.95,1.38,13.7,1015.2,1023.6
468,2018-04-14,0,0.7,0.12,12.5,999.3,1007.6
469,2018-04-15,11.1,17.61,2.57,13.9,1002.2,1010.5
470,2018-04-16,10.1,13.54,2.08,12.8,1010.9,1019.2
471,2018-04-17,7.7,12.14,2.07,13.9,1011.5,1019.8
472,2018-04-18,11,17.81,2.66,15.3,1008.4,1016.7
473,2018-04-19,12.2,18.32,2.65,15.8,1008.2,1016.4
474,2018-04-20,12.2,19.32,2.8,18.8,1011.4,1019.5
475,2018-04-21,11.6,23.1,3.51,18.9,1010.9,1019
476,2018-04-22,3.2,11.41,2.07,17.1,1011.1,1019.3
477,2018-04-23,0,1.61,0.3,11.8,1007.7,1016.1
478,2018-04-24,0,8.76,1.44,12,1000.9,1009.2
479,2018-04-25,12.3,23.19,3.03,13.3,1004.9,1013.2
480,2018-04-26,12,18.87,2.65,14.5,1005.4,1013.6
481,2018-04-27,10.6,17.04,2.57,16,1005.9,1014.1
482,2018-04-28,12.3,23.16,3.14,16.5,1008.2,1016.5
483,2018-04-29,11.9,22.21,3.06,17.1,1005.6,1013.8
484,2018-04-30,11.6,17.25,2.85,19,1006.9,1015
485,2018-05-01,3.2,9.05,2.33,18.3,1007.1,1015.2
486,2018-05-02,0,1.22,0.27,15.2,997.5,1005.7
487,2018-05-03,10.7,16.99,2.79,14.2,1000,1008.3
488,2018-05-04,12.5,27.4,3.39,14.8,1005.8,1014.1
489,2018-05-05,11.9,25.06,3.08,16.9,1008.8,1017
490,2018-05-06,0,1.15,0.13,16.2,1000.6,1008.8
491,2018-05-07,0.6,4.94,0.71,14.8,998.8,1007
492,2018-05-08,0.2,5.66,0.77,14.2,1005.5,1013.8
493,2018-05-09,7.9,15.66,2.81,13.2,1013.4,1021.8
494,2018-05-10,11,23.36,2.95,14.3,1014.4,1022.7
495,2018-05-11,11.4,17.85,2.52,17.1,1010.1,1018.3
496,2018-05-12,0,0.22,0.1,17.8,1004.9,1013
497,2018-05-13,5.5,25.56,3.81,19.2,998.9,1006.9
498,2018-05-14,12.3,24.19,3.23,20,1003.2,1011.3
499,2018-05-15,10,18.16,2.88,21.4,1003.3,1011.3
500,2018-05-16,0,2.32,0.56,20.7,1001.5,1009.5
501,2018-05-17,0,,,20.9,999.5,1007.5
502,2018-05-18,0.4,,,16.3,998.7,1006.9
503,2018-05-19,10.3,,,14.7,1008.3,1016.6
504,2018-05-20,9.7,,,15.4,1010.7,1019
505,2018-05-21,9.1,,,17.2,1010,1018.2
506,2018-05-22,10,,,18,1005.1,1013.3
507,2018-05-23,7,,,18.1,998.6,1006.6
508,2018-05-24,12.5,,,19.4,1001.2,1009.3
509,2018-05-25,9.5,,,21.1,999.6,1007.6
510,2018-05-26,12.7,,,20.5,1001.3,1009.3
511,2018-05-27,8.1,,,20.2,1002.7,1010.7
512,2018-05-28,0.9,,,19.5,1002.9,1011
513,2018-05-29,10,,,21,1003.6,1011.6
514,2018-05-30,8.4,25.29,3.56,21.9,1001.7,1009.7
515,2018-05-31,10.7,21.23,2.44,20.2,1002.7,1010.7
516,2018-06-01,12.9,29.96,3.65,21.6,1006.4,1014.4
517,2018-06-02,12.3,28.65,3.55,22.9,1006.2,1014.3
518,2018-06-03,11,25.64,3.58,21.3,1005.3,1013.3
519,2018-06-04,10.2,26.61,3.55,22.2,1004.9,1012.9
520,2018-06-05,0.9,6.84,0.87,19.7,1004.6,1012.7
521,2018-06-06,11,26.38,3.23,21.6,1003.7,1011.7
522,2018-06-07,12,29.24,3.59,21.8,1003.1,1011.1
523,2018-06-08,10.6,22.85,3.06,22.8,999.6,1007.5
524,2018-06-09,9.9,23.51,3.23,21.2,1000.2,1008.1
525,2018-06-10,2,12.1,2.31,19.3,996.6,1004.7
526,2018-06-11,0.7,9.92,1.89,17.2,993,1001.1
527,2018-06-12,1.1,11.91,2.23,18.3,996.3,1004.3
528,2018-06-13,5,20.64,2.84,19.6,1000.4,1008.5
529,2018-06-14,10.9,24.89,3.68,19.9,1001,1009
530,2018-06-15,9.9,19.77,2.46,19.3,1003.1,1011.2
531,2018-06-16,6,19.79,3.26,18.5,1005.3,1013.5
532,2018-06-17,8.2,22.69,3.45,20.9,1002.7,1010.7
533,2018-06-18,9.9,23.82,3.66,22.8,999.6,1007.5
534,2018-06-19,1.7,12.98,2.97,21.6,997,1005
535,2018-06-20,9.3,25.03,3.58,22.8,994.9,1002.8
536,2018-06-21,9.7,28.3,3.59,24.7,997.8,1005.7
537,2018-06-22,8.8,22.43,3.28,24,1000.5,1008.4
538,2018-06-23,,15.94,3.04,23,996.8,1004.7
539,2018-06-24,12.7,27.64,3.43,24.7,999.2,1007.1
540,2018-06-25,11.2,23.98,3.11,23.3,1003.3,1011.3
541,2018-06-26,0,3.56,0.59,22.8,1000.5,1008.4
542,2018-06-27,0.7,5.54,1.35,23.1,996,1003.9
543,2018-06-28,0,2.91,0.48,21.2,993.8,1001.8
544,2018-06-29,0.3,7.48,1.23,22.2,996.9,1004.8
545,2018-06-30,0,2.45,0.69,21,1004.2,1012.3
546,2018-07-01,5.8,23.13,3.37,24.5,1003.3,1011.3
547,2018-07-02,5.6,24.94,3.57,25.4,1000.9,1008.7
548,2018-07-03,0,5.87,0.54,22.7,988.5,996.4
549,2018-07-04,9.7,33.08,4.15,25,990.4,998.2
550,2018-07-05,0.5,11.02,2.15,22.9,995.9,1003.8
551,2018-07-06,0,3.01,0.38,20.8,998.7,1006.7
552,2018-07-07,4.5,16.41,2.12,20,1002.4,1010.5
553,2018-07-08,0.1,13.04,2.09,19.7,1005.1,1013.2
554,2018-07-09,0,9.59,1.39,20,1008.3,1016.4
555,2018-07-10,6.6,29.95,4.77,24,1008.3,1016.2
556,2018-07-11,11.7,31.1,4,26.6,1007.9,1015.8
557,2018-07-12,12.8,30.34,3.65,27.4,1005.6,1013.4
558,2018-07-13,12.6,31.02,3.76,27,1004.1,1011.9
559,2018-07-14,12.8,30.72,3.68,27.6,1002.9,1010.7
560,2018-07-15,12.8,29.41,3.6,27.2,1003.6,1011.5
561,2018-07-16,12.8,29.29,3.62,27.1,1004.1,1012
562,2018-07-17,12.8,29.04,3.55,27.6,1003.8,1011.7
563,2018-07-18,12.7,30.79,3.77,28.1,1003.3,1011.1
564,2018-07-19,12.7,34.68,4.14,29.1,1002.4,1010.2
565,2018-07-20,12.7,,,29.6,1001.4,1009.2
566,2018-07-21,12.4,,,29.2,1001.6,1009.4
567,2018-07-22,7.5,,,29.7,1001.8,1009.6
568,2018-07-23,11.9,,,29.5,1001.2,1009
569,2018-07-24,12.7,,,29.3,1000.1,1007.9
570,2018-07-25,12.4,,,29.6,999.2,1007
571,2018-07-26,12.1,,,30.4,998.9,1006.7
572,2018-07-27,9.3,,,29.8,998.9,1006.6
573,2018-07-28,11.4,,,29.3,997.5,1005.3
574,2018-07-29,10.5,,,29.3,993.7,1001.4
575,2018-07-30,11.4,,,28.9,995.9,1003.7
576,2018-07-31,12.6,,,29.8,996.2,1003.9
577,2018-08-01,12.6,,,30.3,996.1,1003.8
578,2018-08-02,12.6,,,30,998.8,1006.5
579,2018-08-03,12.6,,,29.9,1000.9,1008.7
580,2018-08-04,12.5,,,30.1,999.8,1007.5
581,2018-08-05,12.5,,,31.3,998.2,1005.9
582,2018-08-06,6.5,,,29.9,998.7,1006.4
583,2018-08-07,10.8,,,28.4,1000.1,1007.9
584,2018-08-08,11.8,,,27.9,999.1,1006.9
585,2018-08-09,11,,,28.4,997.1,1004.9
586,2018-08-10,0.7,,,26.7,996.4,1004.2
587,2018-08-11,7.2,,,27.3,998,1005.7
588,2018-08-12,8.8,,,28.8,1000.2,1008
589,2018-08-13,12.3,,,30.9,1002.9,1010.6
590,2018-08-14,12.4,,,29.9,1002.4,1010.2
591,2018-08-15,6.2,,,28.6,999,1006.8
592,2018-08-16,0,,,26.2,1001.7,1009.6
593,2018-08-17,12.1,,,25.2,1004.4,1012.3
594,2018-08-18,11.7,,,25,1003.3,1011.2
595,2018-08-19,12.4,,,25.3,1002.9,1010.8
596,2018-08-20,12.3,,,26.2,1000.2,1008.1
597,2018-08-21,11.8,,,28.6,996.9,1004.7
598,2018-08-22,7.2,,,29.8,997.3,1005
599,2018-08-23,0.8,,,28,992,999.7
600,2018-08-24,7.8,,,26.7,991.7,999.5
601,2018-08-25,0.3,,,25.7,1001.9,1009.8
602,2018-08-26,4.1,,,25.9,1004.2,1012.1
603,2018-08-27,0.2,,,26,1004.7,1012.7
604,2018-08-28,8.3,,,27.1,1004.9,1012.8
605,2018-08-29,10.9,,,27.3,1003.7,1011.6
606,2018-08-30,7.7,,,27.5,1002.9,1010.8
607,2018-08-31,1.9,,,26,1002.5,1010.4
608,2018-09-01,0.3,,,21.6,1004,1012
609,2018-09-02,2.6,,,22.8,1002.5,1010.4
610,2018-09-03,0.2,,,24.7,996,1003.9
611,2018-09-04,5.9,,,25.1,988.8,996.6
612,2018-09-05,11.4,,,24.3,995.9,1003.8
613,2018-09-06,0,,,23.8,998.7,1006.6
614,2018-09-07,0.6,,,21.7,998.6,1006.5
615,2018-09-08,0.2,,,21.3,1004,1012.1
616,2018-09-09,4.5,,,22.3,1007,1015
617,2018-09-10,11,,,21.5,1011.7,1019.7
618,2018-09-11,7.5,,,21.2,1011.9,1019.9
619,2018-09-12,8.3,,,23.2,1009.2,1017.3
620,2018-09-13,0,,,21.8,1008.9,1016.9
621,2018-09-14,0.1,,,21.8,1006.6,1014.6
622,2018-09-15,0.1,,,22.6,1006.4,1014.4
623,2018-09-16,10.2,20.43,2.7,24.9,1006.4,1014.3
624,2018-09-17,7.8,15.39,2.03,23.8,1008.2,1016.2
625,2018-09-18,10.6,21.9,3.23,24,1007.8,1015.8
626,2018-09-19,3.5,12.13,1.84,23.2,1005.8,1013.8
627,2018-09-20,0,4.69,0.92,20.6,1001.7,1009.7
628,2018-09-21,0,2.23,0.31,20.7,1000.6,1008.6
629,2018-09-22,9.5,19.96,2.87,22.4,1006.6,1014.6
630,2018-09-23,6.9,15.49,2.55,22.3,1007.7,1015.7
631,2018-09-24,0.1,10.51,1.67,19.6,1009.6,1017.7
632,2018-09-25,11.3,21.66,3.41,19.8,1009.6,1017.7
633,2018-09-26,5.9,13.25,2.59,20,1009.7,1017.8
634,2018-09-27,10.8,15.39,2,19.6,1009.1,1017.3
635,2018-09-28,7.8,16.52,3.04,19.9,1009.5,1017.6
636,2018-09-29,0,1.5,0.26,18,1004.9,1013
637,2018-09-30,5,11.92,2.42,19.6,994.6,1002.6
638,2018-10-01,10,17.7,2.97,17.9,1000.5,1008.6
639,2018-10-02,11.1,18.68,2.73,17.3,1008.6,1016.8
640,2018-10-03,10.6,20.45,3.02,18.6,1012.9,1021.1
641,2018-10-04,6.1,13.14,2.88,20.1,1014.1,1022.3
642,2018-10-05,0,2.47,0.45,19.5,1006.5,1014.5
643,2018-10-06,2.1,5.06,1.5,21.6,993.2,1001.1
644,2018-10-07,9.4,18.27,2.65,20.8,1006.7,1014.8
645,2018-10-08,10.6,19.28,2.78,18.6,1009.5,1017.6
646,2018-10-09,2.5,9.29,1.39,18.1,1008.3,1016.4
647,2018-10-10,2.8,9.96,1.78,17.1,1007.1,1015.3
648,2018-10-11,8.1,14.88,2.85,13.3,1012.7,1021
649,2018-10-12,10.6,19.51,2.85,13.9,1016.6,1024.9
650,2018-10-13,5.8,12.56,2.36,16.1,1015.8,1024
651,2018-10-14,9.8,16.73,2.78,17.1,1013.6,1021.8
652,2018-10-15,9.7,16.95,2.63,17.2,1011.1,1019.3
653,2018-10-16,1.9,7.58,1.32,16.1,1007.4,1015.7
654,2018-10-17,10.2,15.88,2.34,16.5,1006.6,1014.8
655,2018-10-18,10.4,17.1,2.69,15.9,1008.9,1017.2
656,2018-10-19,10.3,17.18,2.72,15.5,1014.5,1022.8
657,2018-10-20,10.2,18.1,2.74,15.5,1016.6,1024.9
658,2018-10-21,10.4,18.06,2.72,16.2,1014.7,1022.9
659,2018-10-22,6.6,11.5,2.21,17.1,1011.7,1020
660,2018-10-23,8.3,13.14,2.41,18,1008.8,1017
661,2018-10-24,10.5,17.45,2.62,15.7,1011.3,1019.6
662,2018-10-25,10.3,16.79,2.63,16.5,1012.1,1020.4
663,2018-10-26,0.2,3.21,0.81,15.9,1004.4,1012.6
664,2018-10-27,8.8,11.19,2.1,13,1005.9,1014.3
665,2018-10-28,10,15.69,2.53,13.8,1003.8,1012.1
666,2018-10-29,7.7,11.78,2.21,14.4,1005.2,1013.5
667,2018-10-30,10.4,17.25,2.65,10.8,1011.4,1019.8
668,2018-10-31,10.4,16.33,2.53,11.6,1013.4,1021.9
669,2018-11-01,10.2,16.14,2.54,11.5,1016.4,1024.9
670,2018-11-02,10.2,16.16,2.53,13.3,1018.9,1027.3
671,2018-11-03,9.9,15.36,2.48,13.9,1016.7,1025
672,2018-11-04,10,15.9,2.52,15.3,1013,1021.3
673,2018-11-05,10,14.88,2.36,15.1,1014.2,1022.5
674,2018-11-06,9.5,14.26,2.31,16.4,1016.1,1024.4
675,2018-11-07,0.1,6.26,1.21,16.9,1015.4,1023.6
676,2018-11-08,0,0.98,0.27,16.8,1007.2,1015.4
677,2018-11-09,7.8,10.63,2.19,14.3,1009.7,1018
678,2018-11-10,9.8,14.45,2.3,14.2,1015.7,1024.1
679,2018-11-11,6.3,11.05,2.26,14.4,1012.8,1021.2
680,2018-11-12,0.5,4.81,1.08,12.6,1009.2,1017.5
681,2018-11-13,7.9,11.05,1.79,12.8,1009.9,1018.2
682,2018-11-14,9.2,14.07,2.34,12.7,1014.1,1022.5
683,2018-11-15,9.3,13.19,2.23,13.3,1015.9,1024.2
684,2018-11-16,0,4.58,0.95,12.7,1012.3,1020.7
685,2018-11-17,9.5,12.9,2.15,12.4,1012.3,1020.7
686,2018-11-18,0.7,4.92,0.95,10.3,1010.8,1019.3
687,2018-11-19,9.3,12.28,2.18,11.1,1012.7,1021.1
688,2018-11-20,9.7,13.71,2.2,10.2,1016.1,1024.5
689,2018-11-21,0.9,5.32,0.94,10.9,1013.7,1022.1
690,2018-11-22,9.3,14.14,2.34,7.5,1014.5,1023.1
691,2018-11-23,9.6,13.27,2.21,6.1,1019.3,1027.9
692,2018-11-24,3.2,4.31,1.03,7.7,1016.1,1024.7
693,2018-11-25,9.1,12.13,2.15,9.7,1015.2,1023.6
694,2018-11-26,8.4,11.32,2.06,11.1,1015.7,1024.2
695,2018-11-27,9.4,12.98,2.16,14,1013.1,1021.4
696,2018-11-28,8,11.4,2.01,11.6,1013.4,1021.8
697,2018-11-29,7.6,10.97,1.88,10.4,1016.6,1025.1
698,2018-11-30,8.6,11.12,1.94,11.4,1016.5,1025
699,2018-12-01,2.5,7.16,1.42,10.4,1017.8,1026.3
700,2018-12-02,8.6,11,1.96,14.1,1015.6,1024
701,2018-12-03,0.2,3.57,0.62,16.8,1008.9,1017.2
702,2018-12-04,1,2.91,0.63,14.6,1006.9,1015.2
703,2018-12-05,8.8,11.74,2.01,9.7,1014.5,1023
704,2018-12-06,0.3,4.32,0.82,7.3,1011.3,1019.8
705,2018-12-07,2.6,7.61,1.22,0.5,1018.9,1027.7
706,2018-12-08,8.7,12.22,2.05,-1.9,1022.6,1031.6
707,2018-12-09,8.3,12.51,2.19,-0.5,1024.3,1033.2
708,2018-12-10,9,12.23,2.07,4,1022.7,1031.5
709,2018-12-11,0,2.73,0.79,5.8,1016.3,1025
710,2018-12-12,9.2,12.4,2.05,2.9,1017.1,1025.8
711,2018-12-13,9.2,12,1.99,3.2,1019,1027.7
712,2018-12-14,9.3,12.61,2.11,1.2,1023,1031.9
713,2018-12-15,8.9,11.92,2.03,4,1021.8,1030.6
714,2018-12-16,0,2.46,0.42,4.7,1011.4,1020
715,2018-12-17,8.7,9.59,1.92,5.9,1008.9,1017.4
716,2018-12-18,9.2,11.26,1.98,5.6,1012.7,1021.4
717,2018-12-19,8.2,10.22,1.85,9.6,1012.5,1021
718,2018-12-20,0,3.45,0.58,10.3,1013.6,1022.1
719,2018-12-21,3.6,6.78,1.2,11.9,1013.5,1021.9
720,2018-12-22,7.8,10.55,1.86,12.5,1012.9,1021.3
721,2018-12-23,5.1,8.21,1.89,8.8,1012.3,1020.8
722,2018-12-24,9.3,12.89,2.16,3.9,1015.9,1024.6
723,2018-12-25,7.9,11.23,1.92,5,1014.5,1023.2
724,2018-12-26,5.5,8.81,1.7,6.9,1012.7,1021.3
725,2018-12-27,9.2,12.65,2.12,0.5,1014.9,1023.7
726,2018-12-28,9.2,12.82,2.14,-3.5,1018.5,1027.4
727,2018-12-29,9.2,12.87,2.13,-2.2,1021.6,1030.6
728,2018-12-30,8.8,12.54,2.16,-0.7,1025.4,1034.3
729,2018-12-31,5.7,8.93,1.7,3.9,1024.8,1033.5
730,2019-01-01,9.2,12.34,2.08,1,1021.6,1030.5
731,2019-01-02,9.3,12.64,2.12,1.2,1022.2,1031
732,2019-01-03,9.4,12.83,2.14,3,1023.5,1032.3
733,2019-01-04,4.8,7.69,1.74,5,1019.9,1028.6
734,2019-01-05,6.4,10.25,1.92,5.5,1014.7,1023.4
735,2019-01-06,7.1,11.08,2.06,4.4,1016.7,1025.4
736,2019-01-07,9.3,11.38,1.86,4.4,1016.7,1025.4
737,2019-01-08,8.8,11.9,2.04,3.2,1016.3,1025.1
738,2019-01-09,6.6,10.22,1.99,2.3,1021.3,1030.1
739,2019-01-10,6.6,10.71,2.09,4.8,1014.4,1023.1
740,2019-01-11,7.9,9.68,1.9,6.2,1014.8,1023.4
741,2019-01-12,0.2,3.89,1.06,6.2,1011.7,1020.2
742,2019-01-13,6.2,10.03,1.65,6.8,1014.1,1022.7
743,2019-01-14,8.7,12.46,2.19,7.3,1014.9,1023.5
744,2019-01-15,8.4,10.79,1.96,5.6,1012.1,1020.7
745,2019-01-16,9.5,13.77,2.3,0,1014.6,1023.5
746,2019-01-17,9.6,13.41,2.21,2.4,1013.4,1022.2
747,2019-01-18,9.7,13.7,2.25,5.5,1017.2,1025.9
748,2019-01-19,4.6,9.62,2.19,7.5,1013,1021.6
749,2019-01-20,9.4,12.88,2.19,5.5,1009.3,1017.9
750,2019-01-21,9.8,14.18,2.31,2.8,1011.6,1020.3
751,2019-01-22,9.7,14.05,2.32,5.5,1010.4,1019
752,2019-01-23,9.3,12.83,2.1,6.5,1010.1,1018.7
753,2019-01-24,9.5,13.54,2.24,5.7,1013.7,1022.4
754,2019-01-25,3.9,8.96,2.18,4.2,1012.2,1020.8
755,2019-01-26,9.8,15.2,2.4,1,1015.5,1024.3
756,2019-01-27,10,15.49,2.45,3.9,1016.8,1025.6
757,2019-01-28,8.4,12.74,2.03,5.3,1012,1020.6
758,2019-01-29,9.7,14.39,2.3,5.2,1017.7,1026.4
759,2019-01-30,7.8,14.03,2.37,8.6,1014.4,1023
760,2019-01-31,0.8,1.96,0.48,2.2,1008.6,1017.3
761,2019-02-01,10,15.77,2.48,0.4,1013.2,1022
762,2019-02-02,9.9,15.56,2.48,4.2,1014,1022.7
763,2019-02-03,0,2.57,0.64,11.6,1003.6,1011.9
764,2019-02-04,9.7,15.67,2.49,6.8,1014,1022.6
765,2019-02-05,9.7,15.66,2.45,8,1013,1021.5
766,2019-02-06,9.5,15.29,2.38,10.5,1007.5,1015.9
767,2019-02-07,2.6,8.3,1.93,8.3,1008.6,1017.1
768,2019-02-08,7.6,13.85,2.44,3.2,1013.4,1022.1
769,2019-02-09,8.5,14.37,2.29,2.5,1014.4,1023.2
770,2019-02-10,5.6,10.18,1.95,4,1018.1,1026.8
771,2019-02-11,10.1,16.42,2.62,2.9,1019.5,1028.3
772,2019-02-12,9.3,16.04,2.57,4,1023,1031.7
773,2019-02-13,9.8,16.06,2.52,4.6,1020.9,1029.6
774,2019-02-14,7.4,13.55,2.83,5.2,1020.9,1029.6
775,2019-02-15,0.4,7.25,1.29,6.3,1012.8,1021.4
776,2019-02-16,9.4,16.83,2.68,3.2,1011.7,1020.4
777,2019-02-17,10.5,18.76,2.84,3.2,1014.8,1023.5
778,2019-02-18,1.5,8.27,1.86,6.5,1015.4,1024.1
779,2019-02-19,0.4,4.73,1.38,7.1,1007.9,1016.5
780,2019-02-20,10.1,17.6,2.76,5.6,1014.1,1022.8
781,2019-02-21,9.1,16.79,2.6,6.9,1016.4,1025
782,2019-02-22,5.4,11.99,2.55,9,1011.5,1019.9
783,2019-02-23,8.1,13.89,2.9,9.2,1014.2,1022.7
784,2019-02-24,10.5,18.85,2.84,9,1013.8,1022.3
785,2019-02-25,10.1,18.21,2.72,10.8,1010.9,1019.3
786,2019-02-26,9.9,17.62,2.71,10.9,1013.8,1022.3
787,2019-02-27,0.6,6.8,1.23,10.4,1012.5,1021
788,2019-02-28,6.2,12.32,2.58,10.6,1008.9,1017.3
789,2019-03-01,9.7,17.73,2.66,10.6,1011.8,1020.2
790,2019-03-02,5.6,12.56,2.01,10.7,1010.4,1018.9
791,2019-03-03,2.1,8.03,1.91,11.5,1003.8,1012.1
792,2019-03-04,8.9,17.51,2.73,11.4,1004.8,1013.2
793,2019-03-05,6.8,14.15,2.26,12,1011.6,1019.9
794,2019-03-06,2.6,6.8,1.69,10.7,1006.4,1014.7
795,2019-03-07,6.7,12.57,2.06,9.7,1009.3,1017.7
796,2019-03-08,10.7,20.16,3.19,10.5,1016,1024.4
797,2019-03-09,10.2,19.07,2.92,11.8,1013.2,1021.6
798,2019-03-10,0,2.7,0.51,8.4,1003.4,1011.8
799,2019-03-11,10.1,19.87,3.03,9.8,1000.2,1008.5
800,2019-03-12,10.4,20.69,3.08,9.4,1001.9,1010.3
801,2019-03-13,10.9,18.27,2.87,5.5,1011.1,1019.7
802,2019-03-14,11.2,22.69,3.16,8,1014.7,1023.2
803,2019-03-15,5.8,15.65,3,8.2,1009.4,1017.9
804,2019-03-16,11.3,21.77,3.08,7.7,1010.9,1019.5
805,2019-03-17,11.4,23.14,3.27,9.9,1013.6,1022.1
806,2019-03-18,6.4,14.84,2.68,11.5,1011.4,1019.8
807,2019-03-19,10.7,21.27,3.1,13.9,1007.5,1015.8
808,2019-03-20,2,9.13,1.96,13.8,1004.8,1013
809,2019-03-21,8.3,18.48,2.86,15.6,996.7,1004.9
810,2019-03-22,9.9,22.19,3.31,9.4,1007.6,1016
811,2019-03-23,9.3,22.8,3.43,7,1010.9,1019.4
812,2019-03-24,11.7,25.2,3.44,6.9,1012.2,1020.7
813,2019-03-25,4.7,14.19,2.19,8.7,1009.3,1017.8
814,2019-03-26,11.2,22.92,3.19,13.6,1008.7,1017
815,2019-03-27,10.3,22.4,3.13,14.8,1006.1,1014.3
816,2019-03-28,7.4,17.79,2.95,12.8,1005,1013.3
817,2019-03-29,9.2,18.81,3.02,13.9,1004.7,1013
818,2019-03-30,9.1,18.95,3.01,11.6,1002.9,1011.3
819,2019-03-31,11.4,25.43,3.52,7.7,1009.3,1017.8
820,2019-04-01,10,23.17,3.47,7.7,1013.1,1021.6
821,2019-04-02,11.8,26.09,3.52,9.4,1013,1021.5
822,2019-04-03,11.9,25.98,3.47,9.8,1013.9,1022.4
823,2019-04-04,11.5,25.95,3.49,12.1,1008.8,1017.2
824,2019-04-05,11.1,22.95,3.31,13.9,1001.2,1009.4
825,2019-04-06,11.3,24.6,3.37,14.4,1003.3,1011.5
826,2019-04-07,0,6.73,1.31,12.4,1001.9,1010.2
827,2019-04-08,11,23.71,3.13,13.1,1006.2,1014.5
828,2019-04-09,6,15.64,3.1,11.2,1008.6,1017
829,2019-04-10,0.3,7.84,1.81,9.7,1001.2,1009.5
830,2019-04-11,4.9,14.37,2.15,10.2,1006.8,1015.2
831,2019-04-12,10.1,21.61,3.28,11.8,1009.8,1018.2
832,2019-04-13,9.6,20.45,2.79,13.5,1011.9,1020.3
833,2019-04-14,2.7,7.75,0.95,13.3,1006.3,1014.6
834,2019-04-15,12.1,27.18,3.5,12.7,1010,1018.4
835,2019-04-16,11,24.57,3.37,16,1009,1017.2
836,2019-04-17,8.5,21.63,3.1,18,1004.2,1012.4
837,2019-04-18,11.5,26.73,3.53,16.4,1003.6,1011.8
838,2019-04-19,1.8,14.3,2.02,13.8,1008.9,1017.2
839,2019-04-20,12,27.16,3.52,14.4,1006.8,1015.1
840,2019-04-21,7.1,18.79,2.71,17.2,1004.4,1012.5
841,2019-04-22,11.8,26.11,3.46,17.1,1008.1,1016.3
842,2019-04-23,0.1,7.69,1.26,16.2,1005.8,1014
843,2019-04-24,1.8,9.05,2.31,16.8,998.4,1006.5
844,2019-04-25,0,6.08,0.8,14.8,1000,1008.2
845,2019-04-26,0,3.24,0.54,11.3,1002.9,1011.3
846,2019-04-27,10.7,25.62,3.7,12.1,1012.8,1021.2
847,2019-04-28,4.9,15.23,2.87,13.2,1012.6,1021
848,2019-04-29,0,2.56,0.36,13,1005.2,1013.5
849,2019-04-30,5.2,12.68,1.62,15.6,1000.1,1008.3
850,2019-05-01,5.5,18.14,2.85,17,997.1,1005.2
851,2019-05-02,12.4,28.13,3.62,17.6,1002.9,1011
852,2019-05-03,12.5,28.63,3.58,19.1,1008.1,1016.2
853,2019-05-04,12.1,26.14,3.32,19.1,1009.7,1017.8
854,2019-05-05,11.7,26.47,3.46,19.6,1007.8,1015.9
855,2019-05-06,10.7,24.62,3.59,16.6,1006.6,1014.8
856,2019-05-07,12.5,29.66,3.67,15.2,1008.1,1016.4
857,2019-05-08,9.8,23.49,3.12,17.3,1004.6,1012.8
858,2019-05-09,10.4,26.26,3.54,18.6,1001.5,1009.6
859,2019-05-10,11.6,26.05,3.65,19,1004.3,1012.4
860,2019-05-11,12.5,29.8,3.77,19.5,1005.8,1013.9
861,2019-05-12,12.4,30,3.75,20.2,1007.9,1016
862,2019-05-13,8.9,25.16,3.45,17.8,1007.5,1015.7
863,2019-05-14,11.6,27.58,3.63,20.5,1005.2,1013.3
864,2019-05-15,11.9,27.34,3.65,21.6,1005.3,1013.4
865,2019-05-16,11.1,28.09,3.62,21.7,1004.8,1012.8
866,2019-05-17,9.1,22.85,3.16,21.1,1005.4,1013.4
867,2019-05-18,0,3.63,0.5,17.7,1004.6,1012.7
868,2019-05-19,0,8.14,1.45,19.4,1002.8,1010.9
869,2019-05-20,5.8,17.35,2.28,19,996.6,1004.6
870,2019-05-21,12.7,31.5,3.8,17.9,998.8,1006.9
871,2019-05-22,12.7,31.66,3.85,19.7,999.4,1007.5
872,2019-05-23,12.6,29.59,3.69,19.3,1000.9,1009
873,2019-05-24,12.6,28.71,3.5,20.9,1003.8,1011.8
874,2019-05-25,11.1,23.34,2.82,23.4,1006.5,1014.5
875,2019-05-26,9.9,27.79,3.69,22,1008.1,1016.1
876,2019-05-27,0,1.1,0.19,19.3,1000.3,1008.3
877,2019-05-28,8.5,20.66,2.59,18,1001.5,1009.6
878,2019-05-29,12.8,30.92,3.76,20.6,1001.7,1009.8
879,2019-05-30,9.5,26.34,3.74,22.5,1002.7,1010.7
880,2019-05-31,7.3,20,3.61,18.4,1002.7,1010.8
881,2019-06-01,9.4,25.83,3.71,19.8,1001.8,1009.9
882,2019-06-02,10.3,26.18,3.68,20.9,999.2,1007.2
883,2019-06-03,11.8,29.15,3.68,21.3,1000.3,1008.3
884,2019-06-04,12.6,29.82,3.61,23.4,1001,1008.9
885,2019-06-05,12.8,29.52,3.64,23.9,1003.7,1011.6
886,2019-06-06,8.9,21.99,3.1,22.1,1002.4,1010.4
887,2019-06-07,0,3.36,0.52,18.7,993.8,1001.8
888,2019-06-08,6.9,21.68,2.81,19.1,1000.8,1008.9
889,2019-06-09,8.5,19.75,2.89,18.5,998.6,1006.6
890,2019-06-10,9,18.78,2.5,18.8,998.7,1006.8
891,2019-06-11,6.7,15.64,2.24,18.5,1000.9,1009
892,2019-06-12,9.9,26.23,3.68,19.1,1003.1,1011.2
893,2019-06-13,12.1,30.82,3.81,19.6,1002.8,1010.8
894,2019-06-14,0,6.42,1.48,19.6,997.4,1005.4
895,2019-06-15,8.4,21.57,3.03,20.6,991.3,999.2
896,2019-06-16,8.2,21.92,3.36,20.1,999.8,1007.8
897,2019-06-17,10.5,25.29,3.59,20.8,1004.4,1012.5
898,2019-06-18,0.7,11.22,1.38,21.7,1002.2,1010.2
899,2019-06-19,10.7,25.49,3.24,23.4,998.7,1006.6
900,2019-06-20,10.1,26.65,3.33,24.3,998.3,1006.2
901,2019-06-21,12.6,28.48,3.53,23.3,997.4,1005.3
902,2019-06-22,10.6,27.91,3.72,21.3,999,1006.9
903,2019-06-23,10.9,23.2,3.15,20.9,1000.5,1008.5
904,2019-06-24,12.2,28.84,3.27,20.9,1005.6,1013.6
905,2019-06-25,11.7,26.8,3.65,21.9,1007.4,1015.4
906,2019-06-26,0,1.92,0.3,20.9,1001.7,1009.7
907,2019-06-27,1.1,10.78,1.69,22.4,993.5,1001.4
908,2019-06-28,3.5,13.84,2.82,22.2,995.2,1003.2
909,2019-06-29,0,3.07,0.44,21.4,990.8,998.7
910,2019-06-30,4.8,17.91,3.36,23.3,992.8,1000.6
911,2019-07-01,2.2,12.4,2.52,23.1,997.5,1005.4
912,2019-07-02,7.6,20.76,2.87,23.4,1000.5,1008.5
913,2019-07-03,3.2,14.21,2.2,21.9,999.7,1007.7
914,2019-07-04,12.1,27.35,3.57,24.2,998.1,1006
915,2019-07-05,10.6,23.58,3.17,23.8,995.6,1003.5
916,2019-07-06,12.9,30.39,3.69,24.3,996.7,1004.6
917,2019-07-07,10.6,28.06,3.92,23,999.9,1007.8
918,2019-07-08,4.2,14.59,3.43,22.2,999.3,1007.2
919,2019-07-09,2.1,10.6,1.94,22.2,998.6,1006.5
920,2019-07-10,0,3.54,0.47,21.7,996.8,1004.7
921,2019-07-11,6.6,20.79,3.41,23.8,995.1,1002.9
922,2019-07-12,10.1,24.66,3.44,24.1,998.1,1006
923,2019-07-13,0.1,10.22,1.3,22.3,994.4,1002.3
924,2019-07-14,10.2,26.71,3.63,23.6,995.1,1003
925,2019-07-15,5.9,18.58,2.62,23.6,1000.3,1008.2
926,2019-07-16,12.7,27.54,3.43,23.8,1003.5,1011.5
927,2019-07-17,11,24.47,3.26,23.8,1004.4,1012.3
928,2019-07-18,0,4.01,0.65,22.3,1002.2,1010.2
929,2019-07-19,0,1.35,0.29,23.1,1000.6,1008.5
930,2019-07-20,0,2.35,0.52,23.4,995.3,1003.2
931,2019-07-21,1.6,10.32,2.14,23.6,997.4,1005.3
932,2019-07-22,11.9,25.88,3.34,25.8,998.8,1006.7
933,2019-07-23,10.1,25.39,3.53,26.6,998.1,1006
934,2019-07-24,3.7,16.62,3.17,26,998.2,1006.1
935,2019-07-25,0.6,8.22,1.95,25.6,999.1,1007
936,2019-07-26,0.6,7.78,1.51,25.8,998.4,1006.2
937,2019-07-27,0,7.13,1.24,25.9,999.9,1007.8
938,2019-07-28,10.4,22.36,2.96,26.9,1003.2,1011.1
939,2019-07-29,7.1,19.64,3.15,27,1003.4,1011.2
940,2019-07-30,11.7,27.29,3.8,27.7,1002.2,1010.1
941,2019-07-31,12.6,27.98,3.54,28,1003.3,1011.2
942,2019-08-01,12.6,28.05,3.55,28.1,1004,1011.9
943,2019-08-02,12.6,28.05,3.46,29.4,1003.6,1011.4
944,2019-08-03,11.9,27.18,3.46,28.9,1003.6,1011.5
945,2019-08-04,12.3,25.48,3.36,28.8,1002.9,1010.8
946,2019-08-05,10,24.88,3.38,28.8,1001.6,1009.4
947,2019-08-06,0.6,6.79,1.38,25.8,996.5,1004.3
948,2019-08-07,11.3,26.79,3.59,27.5,999.2,1007.1
949,2019-08-08,10.2,26,3.5,28.7,1000.8,1008.6
950,2019-08-09,10.1,21.53,2.71,28.9,999.9,1007.6
951,2019-08-10,11.5,24.44,3.63,28.3,999,1006.8
952,2019-08-11,10.1,22.46,3.05,28,996.6,1004.3
953,2019-08-12,11.7,27.06,3.53,29.3,995.3,1003
954,2019-08-13,12.5,27.58,3.49,30.6,994.5,1002.2
955,2019-08-14,9.9,20.49,2.88,29.4,990,997.7
956,2019-08-15,0.3,7.74,1.21,27.4,981.2,988.9
957,2019-08-16,11.5,25.27,3.3,28.2,988.1,995.9
958,2019-08-17,12.4,27.38,3.48,27.2,995.1,1002.9
959,2019-08-18,8.9,20.62,2.85,27.3,998.5,1006.3
960,2019-08-19,8.4,20.04,2.68,27.2,1001.2,1009
961,2019-08-20,4,14.87,2.7,26.8,1001.9,1009.8
962,2019-08-21,2.1,11.43,2.02,26.6,1001.3,1009.2
963,2019-08-22,0.6,3.63,0.52,26.1,998.5,1006.3
964,2019-08-23,2.9,9.25,1.88,25.5,1000.6,1008.5
965,2019-08-24,7.1,19.39,2.89,25,1002.7,1010.6
966,2019-08-25,2.5,11.54,1.86,24.3,1005.2,1013.1
967,2019-08-26,8.8,23.29,3.33,25.2,1004.8,1012.7
968,2019-08-27,0,4.15,0.67,23.5,999.7,1007.6
969,2019-08-28,0.2,7.16,1.37,24.1,999.2,1007.1
970,2019-08-29,0,4.44,0.76,23.1,999.6,1007.5
971,2019-08-30,11.5,24.19,3.43,24.6,1000.9,1008.8
972,2019-08-31,11,23.25,3.33,24.4,1005.7,1013.6
973,2019-09-01,0.3,9.16,1.75,23.7,1009.2,1017.2
974,2019-09-02,0,3.22,0.68,21.4,1008.9,1017
975,2019-09-03,0.2,6.38,1.31,23,1007.4,1015.4
976,2019-09-04,0.2,8.85,1.48,24.5,1006.1,1014
977,2019-09-05,9.2,20.48,3.02,26.5,1004.6,1012.5
978,2019-09-06,2.9,10.74,1.44,27,1001.2,1009
979,2019-09-07,1.5,8.67,1.69,26,997.3,1005.1
980,2019-09-08,3.5,12.81,2.37,25.3,1000.6,1008.4
981,2019-09-09,8.8,21.02,3.23,27,1002.4,1010.3
982,2019-09-10,5.5,14.67,1.96,26.7,1005.6,1013.5
983,2019-09-11,3.1,10.55,2.36,25.1,1007,1014.9
984,2019-09-12,0.3,8.42,1.17,21.6,1008.1,1016.2
985,2019-09-13,11.3,22.45,3.29,23.2,1005.3,1013.3
986,2019-09-14,10.1,21.66,3.22,23.8,1003.2,1011.1
987,2019-09-15,8.9,20.26,2.93,24.9,1002,1009.9
988,2019-09-16,10.3,18.29,2.91,23.4,1002.3,1010.2
989,2019-09-17,11.4,21.86,3.24,22.9,1005.8,1013.7
990,2019-09-18,9.5,18.73,2.88,22.9,1006.7,1014.7
991,2019-09-19,11.4,23.61,3.32,21.6,1009.3,1017.4
992,2019-09-20,6.6,17.68,3.35,21.5,1008.3,1016.4
993,2019-09-21,0,2.58,0.65,18.2,1008.9,1017.1
994,2019-09-22,0,1.82,0.27,18.2,996.1,1004.1
995,2019-09-23,0.2,8.51,1.47,17.9,1005.4,1013.5
996,2019-09-24,10.6,21.73,3.1,19.4,1010.2,1018.3
997,2019-09-25,8,17.68,2.73,20.4,1013.5,1021.6
998,2019-09-26,9.2,20.31,3.05,22.9,1015.2,1023.2
999,2019-09-27,0.5,6.95,1.48,22.1,1014.1,1022.2
1000,2019-09-28,0.9,5.94,1.85,22.4,1010.3,1018.3
1001,2019-09-29,6.9,15.54,2.83,23.9,1007.8,1015.7
1002,2019-09-30,6.4,14.93,2.37,24.1,1008.8,1016.7
1003,2019-10-01,0,2.71,0.53,22.4,1010.4,1018.5
1004,2019-10-02,0,0.71,0.18,22.7,1002.5,1010.4
1005,2019-10-03,9.1,16.75,2.98,24.6,996.2,1004.1
1006,2019-10-04,10.4,19.95,2.87,22.9,1005.4,1013.4
1007,2019-10-05,4.9,12.97,2.75,21.7,1007,1015.1
1008,2019-10-06,9.9,17.49,2.52,18.7,1014.5,1022.7
1009,2019-10-07,0.1,5.5,1.29,18.3,1008.9,1017
1010,2019-10-08,9.5,17.92,2.86,18.9,1008.3,1016.4
1011,2019-10-09,10.6,19.7,2.87,17.5,1010.1,1018.3
1012,2019-10-10,10.6,19.16,2.74,19.4,1006.8,1014.9
1013,2019-10-11,10.6,18.82,2.74,21.1,1004.7,1012.7
1014,2019-10-12,10.4,18.57,2.71,19.9,1005.6,1013.7
1015,2019-10-13,10.4,17.53,2.66,18,1013.2,1021.5
1016,2019-10-14,10.3,18.57,2.73,18.3,1014.9,1023.1
1017,2019-10-15,2.8,6.45,1.57,15.6,1019,1027.4
1018,2019-10-16,9.3,17.49,2.75,16.2,1017.2,1025.5
1019,2019-10-17,4,10.43,1.86,17.1,1015.1,1023.3
1020,2019-10-18,0,0.92,0.2,16.8,1011.3,1019.5
1021,2019-10-19,8.3,14.86,2.25,19.1,1011,1019.1
1022,2019-10-20,8.2,14.65,2.39,18.7,1012.5,1020.7
1023,2019-10-21,10.1,18.1,2.93,18.6,1009.1,1017.2
1024,2019-10-22,8,12.27,2.17,19,1008.4,1016.6
1025,2019-10-23,0.5,5.89,1.07,18,1009.3,1017.5
1026,2019-10-24,0.2,5.71,1.14,18.4,1008.1,1016.2
1027,2019-10-25,8.6,12.96,2.35,19.6,1007.6,1015.7
1028,2019-10-26,9.3,16.45,2.63,17.5,1007.1,1015.3
1029,2019-10-27,9.5,14.27,2.6,14,1009.3,1017.6
1030,2019-10-28,9.6,16.35,2.58,15.4,1008.6,1016.9
1031,2019-10-29,9.4,14.31,2.21,16.4,1007.1,1015.4
1032,2019-10-30,10.3,17.14,2.61,14.6,1011.8,1020.2
1033,2019-10-31,10.3,16.63,2.57,16.2,1011.8,1020.1
1034,2019-11-01,9.6,15.02,2.39,17.5,1012.7,1020.9
1035,2019-11-02,7.3,12.55,2.35,17.5,1011.7,1019.9
1036,2019-11-03,5.3,10.07,2.12,16.4,1010.3,1018.5
1037,2019-11-04,4.9,9.58,1.86,14.3,1013.4,1021.8
1038,2019-11-05,10.1,15.37,2.41,15.2,1010.2,1018.5
1039,2019-11-06,10.1,15.23,2.39,15.8,1007.6,1015.8
1040,2019-11-07,8,13.06,2.41,14.4,1007.4,1015.7
1041,2019-11-08,10,14.44,2.29,13.8,1009.9,1018.2
1042,2019-11-09,10.1,14.43,2.29,14.3,1011.1,1019.4
1043,2019-11-10,4.6,7.93,1.39,14.3,1005,1013.2
1044,2019-11-11,9.8,14.17,2.31,14.8,1002.5,1010.7
1045,2019-11-12,9,13.28,2.32,14.2,1011.5,1019.8
1046,2019-11-13,2,6.75,1.27,13.9,1008.6,1016.9
1047,2019-11-14,9.8,15.13,2.4,7.6,1013.7,1022.3
1048,2019-11-15,9.7,14.15,2.29,11.2,1012,1020.4
1049,2019-11-16,9.2,12.77,2.16,15.1,1011.9,1020.2
1050,2019-11-17,0.2,3.37,0.73,16.3,1011.3,1019.5
1051,2019-11-18,4.4,8.6,1.81,13.2,1006.9,1015.3
1052,2019-11-19,9.6,14.45,2.49,6.7,1015.2,1023.8
1053,2019-11-20,9.7,14.32,2.32,6.2,1020.7,1029.3
1054,2019-11-21,9.3,13.32,2.22,10.6,1022.2,1030.7
1055,2019-11-22,9.3,13.45,2.23,14.5,1018.6,1027
1056,2019-11-23,9.5,12.77,2.16,15.5,1015.5,1023.8
1057,2019-11-24,1.1,3.99,0.9,16,1009.7,1017.9
1058,2019-11-25,5.4,8.64,1.96,11.6,1016.4,1024.8
1059,2019-11-26,7.9,12.08,2.19,11.4,1019.7,1028.1
1060,2019-11-27,0.8,3.43,0.65,10.1,1016.1,1024.6
1061,2019-11-28,2.6,5.96,1.2,9,1018.3,1026.9
1062,2019-11-29,9.6,13.46,2.22,8.4,1020.3,1028.9
1063,2019-11-30,7.2,9.57,1.7,11.1,1019,1027.5
1064,2019-12-01,0,2.2,0.65,9.5,1011.1,1019.6
1065,2019-12-02,9.1,12.54,2.1,6.6,1010,1018.5
1066,2019-12-03,8.8,11.84,2.08,4.6,1017.1,1025.7
1067,2019-12-04,9.1,11.11,1.98,7.2,1019.5,1028.2
1068,2019-12-05,9.1,12.05,2.09,4.6,1023.4,1032.1
1069,2019-12-06,6.9,8.84,1.52,0.2,1023.4,1032.3
1070,2019-12-07,9.3,12.68,2.09,3.6,1019.2,1027.9
1071,2019-12-08,9.3,12.6,2.1,6.1,1018.3,1027
1072,2019-12-09,9.2,12.23,2.07,7.8,1015.6,1024.2
1073,2019-12-10,7.7,10.49,1.86,11.5,1012.5,1020.9
1074,2019-12-11,8.4,11.03,1.92,12.1,1008,1016.4
1075,2019-12-12,9.3,12.61,2.11,4.9,1018.2,1026.8
1076,2019-12-13,7.1,9.8,1.75,6.8,1018,1026.6
1077,2019-12-14,8.8,11.5,1.95,8.5,1017.4,1025.9
1078,2019-12-15,7.8,9.07,1.83,9.1,1020.3,1028.8
1079,2019-12-16,7.6,10.35,1.88,10.8,1014.9,1023.4
1080,2019-12-17,2,4.98,1.07,12.8,1006.4,1014.7
1081,2019-12-18,8.2,10.25,1.74,10.4,1010.6,1019
1082,2019-12-19,7.6,11.66,1.98,6.6,1013,1021.6
1083,2019-12-20,7.7,10.37,1.91,5,1019.1,1027.8
1084,2019-12-21,0.1,4.34,0.8,4.3,1017.9,1026.6
1085,2019-12-22,1.2,3.6,0.71,6.5,1011.5,1020.1
1086,2019-12-23,8.6,10.46,1.88,8.2,1011.7,1020.3
1087,2019-12-24,7.9,10.22,1.81,7.7,1016.5,1025.1
1088,2019-12-25,9.1,11.06,1.96,10.7,1013.1,1021.5
1089,2019-12-26,0,2.28,0.63,7.8,1004.9,1013.3
1090,2019-12-27,9.2,12.64,2.08,3.6,1013.4,1022.1
1091,2019-12-28,9.2,12.12,2.03,4.1,1019.5,1028.2
1092,2019-12-29,0,2.66,0.46,6.5,1017.3,1026
1093,2019-12-30,6.7,9.97,1.96,9.6,1012,1020.4
1094,2019-12-31,9.3,13.09,2.18,0.1,1020.6,1029.4
1095,2020-01-01,9.3,12.32,2.05,1.9,1021,1029.8
1096,2020-01-02,9.1,11.17,1.94,4.1,1018.8,1027.5
1097,2020-01-03,9.2,12.09,2.09,5.9,1015.5,1024.1
1098,2020-01-04,8.4,10.85,1.93,5.5,1015.3,1024
1099,2020-01-05,9.2,11.9,2.03,7.4,1020.6,1029.3
1100,2020-01-06,0,1.72,0.31,7.8,1017.8,1026.4
1101,2020-01-07,0,0.7,0.15,14.4,1003.8,1012.1
1102,2020-01-08,9,12.12,2.28,8.8,1003.8,1012.3
1103,2020-01-09,7.6,10.61,1.78,5.3,1012.2,1020.8
1104,2020-01-10,9.2,11.99,2.08,5.9,1012.8,1021.4
1105,2020-01-11,9.1,12.5,2.08,5.9,1008.7,1017.3
1106,2020-01-12,9,12.84,2.15,4.6,1006.6,1015.2
1107,2020-01-13,9.4,12.4,2.16,3.5,1012.3,1021
1108,2020-01-14,1.6,5.87,1.04,2.1,1015,1023.8
1109,2020-01-15,9.3,13.32,2.23,2.4,1017.2,1025.9
1110,2020-01-16,6.1,10.67,2.02,3.8,1015.7,1024.4
1111,2020-01-17,6.8,8.72,1.36,6.4,1011.6,1020.2
1112,2020-01-18,3.2,7.32,1.44,5.3,1009.8,1018.4
1113,2020-01-19,4.6,8.89,2,4.9,1009.8,1018.4
1114,2020-01-20,9.2,12.44,2.09,5.1,1012.8,1021.4
1115,2020-01-21,9.8,14,2.28,5,1019.9,1028.6
1116,2020-01-22,0,1.52,0.26,7.7,1015.4,1023.9
1117,2020-01-23,0,2.34,0.51,8.8,1012.9,1021.4
1118,2020-01-24,8.5,12.13,2.06,10.2,1019.2,1027.7
1119,2020-01-25,0.1,5.12,1.15,9.1,1019.8,1028.3
1120,2020-01-26,3.2,7.48,1.45,9.5,1016.1,1024.6
1121,2020-01-27,0,0.42,0.11,6.7,1006.4,1015
1122,2020-01-28,7,10.18,1.81,8.9,1006.6,1015.1
1123,2020-01-29,3.7,7.33,1.88,8.5,1005.7,1014.2
1124,2020-01-30,4.8,9.77,2.19,7.1,1005,1013.5
1125,2020-01-31,8.4,12.86,2.26,6.3,1010.1,1018.7
1126,2020-02-01,9.7,14.67,2.37,5.6,1014.6,1023.3
1127,2020-02-02,9.7,13.97,2.26,7.1,1015.3,1023.8
1128,2020-02-03,9.7,14.22,2.25,5.6,1015.7,1024.3
1129,2020-02-04,9.9,15.85,2.49,5.2,1015.8,1024.5
1130,2020-02-05,9.8,16.68,2.63,1.8,1018,1026.8
1131,2020-02-06,9.1,15.05,2.5,1.2,1022.4,1031.2
1132,2020-02-07,7.5,13.52,2.43,5,1017.7,1026.4
1133,2020-02-08,10,15.62,2.5,4.1,1015.6,1024.3
1134,2020-02-09,10.2,16.32,2.58,3.8,1014.9,1023.6
1135,2020-02-10,9.4,14.86,2.41,6.3,1015,1023.6
1136,2020-02-11,8.4,11.93,1.93,9.7,1019.4,1027.9
1137,2020-02-12,0,0.81,0.28,11.7,1008.9,1017.3
1138,2020-02-13,10.4,16.29,2.58,11.4,1009.3,1017.7
1139,2020-02-14,9.3,15.83,2.51,12.3,1011.3,1019.7
1140,2020-02-15,5.6,13.51,2.49,12.8,1010.4,1018.7
1141,2020-02-16,6.7,12.79,2.47,7,1001.3,1009.8
1142,2020-02-17,8.5,11.79,1.78,0.1,1006.5,1015.3
1143,2020-02-18,10.5,18.79,2.84,1.2,1015.7,1024.5
1144,2020-02-19,10.3,17.43,2.66,6.1,1019.6,1028.3
1145,2020-02-20,,,2.59,9.3,1023.8,1032.4
1146,2020-02-21,9.7,17.03,2.58,11,1022,1030.5
1147,2020-02-22,10,17.67,2.73,9.5,1014.7,1023.2
1148,2020-02-23,10.5,19.49,2.91,6,1019.5,1028.1
1149,2020-02-24,7.8,16.7,2.81,10.8,1015.3,1023.8
1150,2020-02-25,0,0.47,0.08,9.7,1007.8,1016.2
1151,2020-02-26,1.9,9.6,1.9,9.5,1013.1,1021.6
1152,2020-02-27,2.6,10.89,2.28,6.8,1019.4,1028
1153,2020-02-28,0,2.73,0.53,6.9,1014.9,1023.5
1154,2020-02-29,0.5,8.61,1.26,9.5,1008.6,1017.1
1155,2020-03-01,6.9,15.78,2.97,10.8,1009.4,1017.8
1156,2020-03-02,8.9,18.86,2.92,8.5,1012.5,1021
1157,2020-03-03,3.7,11.58,1.78,8.7,1015.5,1024.1
1158,2020-03-04,8.3,18.55,2.83,7.9,1010.6,1019.1
1159,2020-03-05,10.9,21.06,3.09,5.1,1014.5,1023.2
1160,2020-03-06,10.8,20.32,2.98,8.1,1013.1,1021.6
1161,2020-03-07,0,5.09,1.13,8.2,1009,1017.5
1162,2020-03-08,10.8,20.59,2.99,10.4,1009.8,1018.3
1163,2020-03-09,0,6.66,1.5,11,1005.2,1013.6
1164,2020-03-10,0,,0.46,9.9,996.1,1004.4
1165,2020-03-11,11.3,22.48,3.16,7.8,1007.6,1016.1
1166,2020-03-12,11.1,22.29,3.13,9.5,1013.4,1021.8
1167,2020-03-13,8.3,19.23,2.98,11.6,1010,1018.4
1168,2020-03-14,10.9,23.39,3.28,8.2,1005.3,1013.8
1169,2020-03-15,8.7,18.02,3.03,7.7,1002.3,1010.8
1170,2020-03-16,11.2,22.6,3.01,6.6,1012,1020.6
1171,2020-03-17,10.8,21.48,3.08,11.1,1007.2,1015.6
1172,2020-03-18,11.4,23.07,3.16,12.2,1006.3,1014.7
1173,2020-03-19,11.3,21.04,2.82,12.6,999.4,1007.6
1174,2020-03-20,11.2,22.83,3.2,10.4,1005.9,1014.3
1175,2020-03-21,10.3,20.91,2.98,13.7,1004.6,1012.9
1176,2020-03-22,8.4,19.02,2.91,14.1,1004.1,1012.4
1177,2020-03-23,11.6,23.07,3.16,12.6,1007.8,1016.1
1178,2020-03-24,7.1,16.35,2.42,11.5,1012.4,1020.8
1179,2020-03-25,11.2,22.95,3.19,13,1013.2,1021.5
1180,2020-03-26,0,3.46,0.76,14.5,1008.7,1017
1181,2020-03-27,0,2.68,0.5,13.7,1003,1011.3
1182,2020-03-28,0,8.01,1.22,9.4,1010.4,1018.9
1183,2020-03-29,5.8,17.73,3.1,10.4,1012.7,1021.2
1184,2020-03-30,11.2,21.6,3.03,11.6,1012,1020.5
1185,2020-03-31,10.9,24.17,3.36,12.9,1008.3,1016.6
1186,2020-04-01,4.6,13.11,2.66,12.5,1004,1012.3
1187,2020-04-02,11.1,23.91,3.29,11.5,1012.7,1021.1
1188,2020-04-03,11.1,24.44,3.28,13.8,1010.9,1019.2
1189,2020-04-04,11.5,25.08,3.39,12.8,1008.8,1017.1
1190,2020-04-05,11.8,26.14,3.44,9.7,1012.6,1021.1
1191,2020-04-06,10.3,24.75,3.42,11.7,1011,1019.4
1192,2020-04-07,10.4,23.49,3.23,14.5,1006.1,1014.3
1193,2020-04-08,11.2,25.54,3.38,13.3,1008,1016.3
1194,2020-04-09,11.4,24.42,3.28,11.8,1012.6,1021
1195,2020-04-10,0.1,6.51,0.91,10,1016.7,1025.2
1196,2020-04-11,0.3,11.23,1.86,10.5,1010.9,1019.3
1197,2020-04-12,1.3,7.46,1.38,9,1002.4,1010.8
1198,2020-04-13,5,16.29,2.82,10.1,1003,1011.3
1199,2020-04-14,11.9,27.26,3.57,15.1,1006.9,1015.1
1200,2020-04-15,5.6,19.43,2.93,14.5,1005.8,1014.1
1201,2020-04-16,9.2,22.61,3.21,12.9,1010.6,1019
1202,2020-04-17,0,2.53,0.56,12.2,1006,1014.3
1203,2020-04-18,10,24.87,3.57,13.9,1006.8,1015.1
1204,2020-04-19,0,6.39,1.6,11.8,1005.6,1014
1205,2020-04-20,9.8,23.34,3.09,14,1001.3,1009.6
1206,2020-04-21,10.6,26.99,3.55,12.2,1004.9,1013.3
1207,2020-04-22,11.5,27.26,3.5,9.3,1006.7,1015.1
1208,2020-04-23,12.1,27.83,3.57,10.3,1006.6,1015
1209,2020-04-24,12.2,28.16,3.61,11.1,1007.3,1015.7
1210,2020-04-25,12.1,26.44,3.47,14.8,1004.8,1013
1211,2020-04-26,11.8,27.15,3.63,14.2,1007.9,1016.2
1212,2020-04-27,10.5,24.45,3.6,13.7,1010.7,1019.1
1213,2020-04-28,12.2,27.77,3.53,14.3,1011.4,1019.7
1214,2020-04-29,12.2,27.45,3.48,16.2,1010.6,1018.9
1215,2020-04-30,10.6,27.45,3.57,16.9,1008.8,1017
1216,2020-05-01,11.6,26.87,3.54,19.5,1006.4,1014.5
1217,2020-05-02,5,17.2,2.82,18.7,1004.4,1012.5
1218,2020-05-03,0,3.05,0.49,16.8,999.4,1007.5
1219,2020-05-04,9.7,24.98,3.44,19,999.4,1007.4
1220,2020-05-05,1.9,15.24,2.29,15.9,1003.8,1012
1221,2020-05-06,12.3,28.54,3.61,17.9,1005.1,1013.2
1222,2020-05-07,12.2,29.25,3.67,16.5,1010.4,1018.6
1223,2020-05-08,7.2,23.22,3.22,17.4,1008.1,1016.3
1224,2020-05-09,0,2.08,0.37,16.4,1000.2,1008.4
1225,2020-05-10,6.1,20.27,2.75,17.6,997.7,1005.8
1226,2020-05-11,12.4,29.38,3.64,18.8,999.1,1007.1
1227,2020-05-12,11,27.04,3.53,18.2,996.9,1004.9
1228,2020-05-13,12.4,29.91,3.68,17.9,1006.8,1014.9
1229,2020-05-14,10.2,25.69,3.32,20.1,1008.6,1016.7
1230,2020-05-15,0,2.93,0.44,16.3,1003.1,1011.2
1231,2020-05-16,4.8,21.2,3.68,18.2,998.1,1006.2
1232,2020-05-17,5.3,21.53,3.12,18.2,998.2,1006.3
1233,2020-05-18,0.1,5.89,1.52,17.3,993.3,1001.3
1234,2020-05-19,6.8,18.49,3.31,15.6,991.2,999.3
1235,2020-05-20,9.1,26.99,3.62,15.2,1002.5,1010.8
1236,2020-05-21,3.6,18.58,2.97,14.9,1007.9,1016.2
1237,2020-05-22,8.2,21.69,2.67,15.4,1006.5,1014.7
1238,2020-05-23,10.8,27.93,3.64,16.8,1004.3,1012.5
1239,2020-05-24,5.7,20.49,3.1,19.1,1001.9,1010
1240,2020-05-25,3.1,16.35,2.59,19.4,1002.4,1010.4
1241,2020-05-26,3.6,14.75,2.65,19,999.8,1007.9
1242,2020-05-27,11.1,29.12,3.63,19.4,1000,1008
1243,2020-05-28,12.5,29.4,3.55,19.2,1000.7,1008.8
1244,2020-05-29,12.1,29.03,3.64,19.7,1006.6,1014.7
1245,2020-05-30,2.3,17.47,2.07,20.2,1009.1,1017.2
1246,2020-05-31,4,21.12,3.52,19.6,1004.2,1012.3
1247,2020-06-01,10.6,25.49,3.14,22,1000.4,1008.4
1248,2020-06-02,11.8,29.95,3.67,21.1,999.8,1007.8
1249,2020-06-03,5.9,21.46,3.27,21.3,996.5,1004.4
1250,2020-06-04,10.2,26.55,3.38,22.9,995.8,1003.7
1251,2020-06-05,11,24.7,3.36,22,999.1,1007
1252,2020-06-06,6.9,20.75,2.93,21,1001.3,1009.3
1253,2020-06-07,12.5,29.24,3.58,21.5,1004.2,1012.2
1254,2020-06-08,12.6,29.02,3.52,23.3,1006.8,1014.8
1255,2020-06-09,12.6,29.41,3.57,24,1006.6,1014.6
1256,2020-06-10,10.4,27.47,3.58,24.7,1001.6,1009.5
1257,2020-06-11,1.6,15.73,2.49,22.6,995.4,1003.4
1258,2020-06-12,5.1,20.18,3.44,22.6,997.2,1005.2
1259,2020-06-13,0.3,9.93,2.06,22,997.4,1005.4
1260,2020-06-14,2.5,10.21,2.62,23.3,995.9,1003.8
1261,2020-06-15,12.1,29.16,3.48,23.8,997.6,1005.5
1262,2020-06-16,12.6,29.15,3.62,23.9,997.8,1005.7
1263,2020-06-17,4,18.58,2.52,22.3,997.8,1005.7
1264,2020-06-18,0,3.06,0.53,18.3,994.5,1002.5
1265,2020-06-19,8.3,25.81,3.55,21.8,997.6,1005.6
1266,2020-06-20,9,25.22,3.66,21.2,1002.9,1010.9
1267,2020-06-21,12.4,28.78,3.73,21.2,1000.5,1008.5
1268,2020-06-22,12.6,30.73,3.68,22.8,1001.1,1009.1
1269,2020-06-23,11.4,29.34,3.68,23.8,1001.9,1009.8
1270,2020-06-24,1.9,11.28,1.9,22.6,998.3,1006.3
1271,2020-06-25,0.1,7.02,1.64,22,994.8,1002.7
1272,2020-06-26,11.1,29.26,3.55,23.3,998,1005.9
1273,2020-06-27,5.1,18.51,2.46,23.2,996.5,1004.4
1274,2020-06-28,10,24.62,3.62,24.9,996.1,1003.9
1275,2020-06-29,0,8.53,1.96,21.6,995.6,1003.5
1276,2020-06-30,6.6,21.26,3.26,22,985,992.9
1277,2020-07-01,4.5,19.26,3.52,20.8,996,1004
1278,2020-07-02,4.7,18.43,2.55,21.7,1003.2,1011.2
1279,2020-07-03,0,7.33,0.99,20.6,1002.2,1010.2
1280,2020-07-04,1.5,11.54,2.51,20.4,998.9,1006.9
1281,2020-07-05,6,21.59,2.77,22.2,996.9,1004.8
1282,2020-07-06,0.2,6.11,1.75,22.7,993.8,1001.7
1283,2020-07-07,3.7,18.65,3,22.7,995.7,1003.6
1284,2020-07-08,10.9,25.75,3.13,23.5,996.7,1004.6
1285,2020-07-09,0.4,9.47,2.39,22.2,997.1,1005.1
1286,2020-07-10,1.2,5.8,1.62,22.2,993.5,1001.4
1287,2020-07-11,0.3,8.34,1.28,21.6,999.1,1007.1
1288,2020-07-12,0,4.46,0.68,20.1,1002.6,1010.7
1289,2020-07-13,0,2.19,0.46,18.9,995.3,1003.3
1290,2020-07-14,0,5.91,1.09,19.3,994.9,1002.9
1291,2020-07-15,0,9.01,1.33,19.6,997.8,1005.8
1292,2020-07-16,9.1,25.64,3.41,21.3,999.1,1007.1
1293,2020-07-17,12.2,29.69,3.62,21.8,1001,1009
1294,2020-07-18,2.9,18.17,2.34,22.2,1001.9,1009.9
1295,2020-07-19,0,3.3,0.42,23.2,1000.7,1008.6
1296,2020-07-20,0.3,9.14,1.22,24.9,1000.1,1008
1297,2020-07-21,5.3,21.2,3.1,24.9,1003.2,1011.1
1298,2020-07-22,0,5.74,1.11,22.5,1002.1,1010
1299,2020-07-23,0,3.61,0.71,21.8,999,1006.9
1300,2020-07-24,1.7,14.57,2.93,21.6,990.9,998.8
1301,2020-07-25,1.1,10.47,2.16,21.3,994.6,1002.6
1302,2020-07-26,11,26.98,3.46,23.9,999.8,1007.7
1303,2020-07-27,0,4.23,0.82,22.6,1000.7,1008.6
1304,2020-07-28,0,3.69,0.54,21.9,1003,1011
1305,2020-07-29,0.1,7.94,1.58,23.2,1005.3,1013.2
1306,2020-07-30,2.1,13.13,2.74,24,1006.3,1014.2
1307,2020-07-31,7.7,22.12,3.14,26.1,1005.4,1013.3
1308,2020-08-01,7.1,22.58,3.2,26.9,1003.8,1011.7
1309,2020-08-02,5.6,19.47,2.67,26.8,1002.5,1010.4
1310,2020-08-03,2.5,17.58,3.25,26.9,1002.7,1010.6
1311,2020-08-04,6.7,22.25,3.19,27,1005.1,1013
1312,2020-08-05,2.2,16.43,3.04,26.6,1006,1013.9
1313,2020-08-06,0,5.83,0.87,26.1,1001.1,1009
1314,2020-08-07,0.5,9.06,1.63,25.6,999.1,1007
1315,2020-08-08,0,3.1,0.6,24.9,997,1004.9
1316,2020-08-09,3.4,15.91,2.39,25.8,998.9,1006.8
1317,2020-08-10,1.3,8.05,1.6,25.6,997.3,1005.2
1318,2020-08-11,5.7,15.58,3.31,26.2,1003.1,1010.9
1319,2020-08-12,1.8,6.48,1.69,25.9,1005.2,1013.1
1320,2020-08-13,9.9,24.4,3.27,27.6,1002.8,1010.6
1321,2020-08-14,11.2,25.7,3.37,27.9,999.8,1007.7
1322,2020-08-15,12.2,25.64,3.35,28.1,1001.3,1009.2
1323,2020-08-16,12.2,26.31,3.34,28.2,1002.9,1010.8
1324,2020-08-17,12.1,25.7,3.36,28.4,1004.6,1012.4
1325,2020-08-18,12.1,25.59,3.34,28.7,1003.6,1011.5
1326,2020-08-19,12.2,26.45,3.38,29.1,1001.7,1009.5
1327,2020-08-20,12.1,25.56,3.29,29.4,1003.3,1011.1
1328,2020-08-21,10.9,24.73,3.26,26.7,1006,1013.9
1329,2020-08-22,6.8,22.03,3.2,27,1004.1,1012
1330,2020-08-23,8.9,21.47,3.14,27.1,1000,1007.9
1331,2020-08-24,11.5,25.27,3.32,28,997.9,1005.7
1332,2020-08-25,10.7,23.7,3.2,29.3,997.3,1005.1
1333,2020-08-26,1.5,13.8,2.22,28.7,996.3,1004
1334,2020-08-27,0.1,6.58,1.56,26.2,997.6,1005.4
1335,2020-08-28,5,19.95,3.4,26.9,1000.2,1008.1
1336,2020-08-29,7.5,20.74,2.77,27.5,1001.8,1009.7
1337,2020-08-30,9,22.89,3.25,28.5,1002.7,1010.5
1338,2020-08-31,3.3,13.84,2.33,26.2,1003.8,1011.7
1339,2020-09-01,2.3,12.88,2.17,26.4,1000.6,1008.4
1340,2020-09-02,0,6.85,1.46,26.8,989.1,996.9
1341,2020-09-03,7.7,20.69,3.22,25.9,989.1,996.9
1342,2020-09-04,11.2,24.64,3.33,24.4,1005,1012.9
1343,2020-09-05,0,2.47,0.51,19.9,1005.1,1013.2
1344,2020-09-06,0,4.55,0.69,20.9,995.4,1003.4
1345,2020-09-07,0.4,4.64,0.73,22.9,981.1,988.9
1346,2020-09-08,8.5,20.71,3.05,24.3,1003.5,1011.4
1347,2020-09-09,5.2,15.6,2.97,24,1002.5,1010.4
1348,2020-09-10,7.9,20.53,3.03,24,1000.9,1008.9
1349,2020-09-11,0.5,7.65,1.65,22.8,1004.6,1012.6
1350,2020-09-12,3.3,14.05,3,21.7,1004.3,1012.3
1351,2020-09-13,2.1,10.46,2.85,20.2,1007,1015.1
1352,2020-09-14,7.6,20.41,3.23,21.9,1005.7,1013.7
1353,2020-09-15,9,21.51,3.13,23.3,1004.7,1012.7
1354,2020-09-16,0.1,5.83,1.01,22.6,1001.7,1009.7
1355,2020-09-17,0,4.18,0.85,21,1001.9,1009.9
1356,2020-09-18,0.1,8.12,1.27,19.5,1005.3,1013.4
1357,2020-09-19,9.4,19.54,2.8,21.6,1007.5,1015.5
1358,2020-09-20,11.6,23.24,3.18,21.5,1007.6,1015.6
1359,2020-09-21,10.6,19.58,2.66,20,1008.9,1017
1360,2020-09-22,6.5,15.64,2.28,19.5,1008.4,1016.5
1361,2020-09-23,1.2,10.7,1.68,20.2,1007,1015.1
1362,2020-09-24,5,15.45,2.41,21.2,1004.2,1012.2
1363,2020-09-25,6.9,15.67,2.26,21.3,1001.8,1009.8
1364,2020-09-26,7.7,17.39,2.8,20.5,1005.7,1013.7
1365,2020-09-27,6.6,15.89,3.01,20,1009,1017.1
1366,2020-09-28,11.1,21.33,3.07,19.4,1007.8,1015.9
1367,2020-09-29,10,20.2,2.98,20.1,1002.2,1010.2
1368,2020-09-30,7.1,16.96,2.55,20.3,1001.4,1009.4
1369,2020-10-01,9.6,18.48,2.81,20,1005.4,1013.5
1370,2020-10-02,10.2,20.16,2.92,21.1,1006.7,1014.7
1371,2020-10-03,4.5,14.32,2.48,22.1,1006.1,1014.1
1372,2020-10-04,2.3,12.98,2.36,21.5,1002.4,1010.4
1373,2020-10-05,10.7,21.43,3.04,17.2,1006.4,1014.6
1374,2020-10-06,10.5,20.05,2.86,17.5,1011.7,1019.9
1375,2020-10-07,10.1,20.19,2.93,19.1,1014.7,1022.8
1376,2020-10-08,6.4,15.88,2.59,18.7,1014.7,1022.9
1377,2020-10-09,5.2,14.92,2.73,19.1,1011.6,1019.7
1378,2020-10-10,0,8,1.61,18,1009.2,1017.4
1379,2020-10-11,0.2,8.41,1.69,17.7,1006.9,1015.1
1380,2020-10-12,9.5,18.41,2.71,18.9,1005.4,1013.5
1381,2020-10-13,7.4,17.03,2.83,17.8,1009.7,1017.9
1382,2020-10-14,6.3,13.76,2.35,16.9,1014.1,1022.3
1383,2020-10-15,7.3,16.2,2.63,17.2,1014.3,1022.5
1384,2020-10-16,0,3.98,0.78,16.3,1013.5,1021.8
1385,2020-10-17,10,17.52,2.59,17,1013.1,1021.4
1386,2020-10-18,9.5,17,2.67,17.2,1013.6,1021.9
1387,2020-10-19,10.1,17.63,2.64,17.5,1014.9,1023.1
1388,2020-10-20,10.1,17.6,2.71,17.7,1016.4,1024.7
1389,2020-10-21,1.2,7.41,1.63,17.3,1010.1,1018.3
1390,2020-10-22,0,3.73,0.74,15.3,1002.7,1010.9
1391,2020-10-23,10.3,18.26,2.74,12.7,1003.3,1011.6
1392,2020-10-24,10.3,17.89,2.7,12,1007.6,1016
1393,2020-10-25,9.6,17.09,2.68,14.6,1009.6,1017.9
1394,2020-10-26,10.1,16.34,2.53,15.9,1010,1018.2
1395,2020-10-27,9.8,14.85,2.34,16.7,1011.1,1019.4
1396,2020-10-28,3.9,9.12,1.92,17.3,1011.8,1020
1397,2020-10-29,6.7,13.25,2.49,15.4,1012.9,1021.2
1398,2020-10-30,9.8,15.33,2.29,15,1015.2,1023.6
1399,2020-10-31,8.2,15.22,2.39,15,1016.1,1024.4
1400,2020-11-01,1.1,7.65,1.66,15.7,1011.8,1020.1
1401,2020-11-02,1,5.89,1.27,13.9,1010.4,1018.7
1402,2020-11-03,10,16.46,2.59,9.7,1010,1018.4
1403,2020-11-04,10.1,16.5,2.54,8.7,1014.5,1023
1404,2020-11-05,7.7,13.59,2.58,12,1017.5,1025.9
1405,2020-11-06,2.8,10.71,2.02,17.2,1012.8,1021.1
1406,2020-11-07,4.4,10.33,2.05,17.6,1008.2,1016.3
1407,2020-11-08,9.6,14.6,2.34,14.1,1010.8,1019.1
1408,2020-11-09,10.1,15.73,2.46,9.2,1014.4,1022.9
1409,2020-11-10,9.9,14.87,2.4,11,1017.8,1026.3
1410,2020-11-11,9.9,14.25,2.24,12.5,1022.1,1030.6
1411,2020-11-12,9.8,14.36,2.31,14.3,1020.4,1028.8
1412,2020-11-13,9.7,13.36,2.18,15.6,1018,1026.4
1413,2020-11-14,5.5,10.18,2.1,15.2,1019.8,1028.2
1414,2020-11-15,8.9,13.52,2.17,15.5,1017.4,1025.7
1415,2020-11-16,9.3,13.17,2.24,16.4,1016.4,1024.7
1416,2020-11-17,3.7,9.2,1.79,17.8,1015.9,1024.2
1417,2020-11-18,4.4,9.41,1.65,19.4,1010.6,1018.7
1418,2020-11-19,0,1.24,0.29,19.1,1000.7,1008.8
1419,2020-11-20,8.3,13.08,2.17,12.2,1006.2,1014.6
1420,2020-11-21,1.7,6.09,1.04,10.7,1013.7,1022.1
1421,2020-11-22,0,2.67,0.53,10.8,1011,1019.4
1422,2020-11-23,9.5,13.47,2.18,7.9,1015.3,1023.9
1423,2020-11-24,6.3,11.1,2.1,9.6,1016.6,1025.1
1424,2020-11-25,8.7,12.84,2.16,10.4,1015.3,1023.8
1425,2020-11-26,3.9,7.29,1.65,10.3,1015.7,1024.2
1426,2020-11-27,5.1,10.03,2.04,9.8,1013.5,1022
1427,2020-11-28,7.1,11.27,1.91,5.1,1016.1,1024.7
1428,2020-11-29,9.4,13.04,2.14,4.9,1018.1,1026.7
1429,2020-11-30,9.4,13.14,2.17,5.4,1022.6,1031.3
1430,2020-12-01,8.6,11.95,2.03,6.7,1023,1031.7
1431,2020-12-02,4.2,8.38,1.87,7.9,1018.2,1026.8
1432,2020-12-03,9.2,12.22,2.03,6.3,1017.2,1025.8
1433,2020-12-04,9.1,12.75,2.1,4.3,1017.8,1026.5
1434,2020-12-05,9.3,12.51,2.09,5.7,1019.1,1027.8
1435,2020-12-06,9.2,12.4,2.05,7.4,1017.8,1026.3
1436,2020-12-07,3,6.72,1.06,7.5,1016.7,1025.3
1437,2020-12-08,8.3,11.3,2.01,4.3,1017.4,1026.1
1438,2020-12-09,9.1,12,2.02,6.3,1015.5,1024.1
1439,2020-12-10,1.1,3.5,0.91,7.5,1012.1,1020.7
1440,2020-12-11,7.1,10.42,1.94,9.4,1009.7,1018.1
1441,2020-12-12,7.6,11.27,1.99,7.5,1007.9,1016.4
1442,2020-12-13,7.1,8.99,1.48,6.4,1008,1016.6
1443,2020-12-14,7.3,9.71,1.57,-1.1,1015.7,1024.6
1444,2020-12-15,9.2,12.75,2.13,-2.7,1019,1028
1445,2020-12-16,9.1,12.59,2.1,-2.1,1018.8,1027.8
1446,2020-12-17,9.2,12.57,2.09,-0.5,1019,1027.9
1447,2020-12-18,6.1,9.84,1.81,3,1017.3,1026
1448,2020-12-19,8.6,12.95,2.15,0.7,1018.9,1027.8
1449,2020-12-20,9.1,12.55,2.08,1.9,1020.3,1029.1
1450,2020-12-21,8.7,11.28,1.98,2.5,1018.8,1027.6
1451,2020-12-22,8.9,10.53,1.82,4.5,1016.8,1025.5
1452,2020-12-23,4.5,7.74,1.39,6.1,1014,1022.7
1453,2020-12-24,5.8,9.38,1.93,8.4,1006.8,1015.3
1454,2020-12-25,9.1,12.15,2.03,3.5,1013.1,1021.8
1455,2020-12-26,8.7,11.85,1.99,5.6,1016.1,1024.8
1456,2020-12-27,0.3,4.9,1.03,6.9,1012.9,1021.4
1457,2020-12-28,9.1,11.97,2.04,8.6,1013.4,1021.9
1458,2020-12-29,3.9,8.04,2.01,8.2,1008.2,1016.7
1459,2020-12-30,7.8,12.59,2.19,-3.2,1007.9,1016.8
1460,2021-01-01,8.3,12.03,2.11,0.3,1016.2,1025
1461,2021-01-02,8.8,12.07,2.01,1.3,1017.4,1026.2
1462,2021-01-03,5.4,10.36,2.09,0.1,1022,1030.9
1463,2021-01-04,9,11.69,1.97,3,1020.6,1029.3
1464,2021-01-05,4.2,7.9,1.8,3,1016.5,1025.3
1465,2021-01-06,9,12.24,2.09,-1.7,1013.1,1021.9
1466,2021-01-07,8,12.39,2.22,-6.1,1012.2,1021.2
1467,2021-01-08,9.2,13.48,2.24,-8.2,1012.6,1021.7
1468,2021-01-09,8.8,13.13,2.21,-5.9,1012.8,1021.9
1469,2021-01-10,9.4,13.18,2.18,-2.3,1016.9,1025.8
1470,2021-01-11,1.5,6.65,1.29,0.2,1015.2,1024
1471,2021-01-12,9.1,12.6,2.12,1.4,1009.1,1017.9
1472,2021-01-13,8.4,11.59,2,7.1,1007.7,1016.2
1473,2021-01-14,8.9,12.47,2.14,8.9,1012.4,1020.9
1474,2021-01-15,5,9.25,1.68,11.9,1007.5,1015.9
1475,2021-01-16,9,12.98,2.15,5.7,1010.7,1019.3
1476,2021-01-17,8.9,14.41,2.37,-0.5,1015.8,1024.6
1477,2021-01-18,5.7,8.6,1.86,1.1,1011.6,1020.4
1478,2021-01-19,9.6,13.97,2.28,0.2,1020.7,1029.6
1479,2021-01-20,9.1,13.39,2.21,5.4,1020.2,1028.9
1480,2021-01-21,6.1,10.76,2.09,8.9,1014.6,1023.1
1481,2021-01-22,0,1.9,0.65,10.1,1009,1017.4
1482,2021-01-23,0,1.58,0.32,10.4,1008.6,1017.1
1483,2021-01-24,0.7,4.53,1.29,9.2,1015.2,1023.7
1484,2021-01-25,5.4,10.98,2.14,9.3,1016.7,1025.2
1485,2021-01-26,0,2.06,0.33,7.7,1008.7,1017.2
1486,2021-01-27,,,,7.4,1011.4,1019.9
1487,2021-01-28,6.4,9.17,1.58,4.4,1005.6,1014.2
1488,2021-01-29,9.9,15.41,2.46,-2.6,1013.9,1022.8
1489,2021-01-30,8,12.95,2.01,3.1,1016.9,1025.7
1490,2021-01-31,9.7,14.56,2.34,8.7,1018.8,1027.4
1491,2021-02-01,0,2.04,0.44,10,1007.1,1015.5
1492,2021-02-02,9.8,16.43,2.57,2.3,1012.7,1021.4
1493,2021-02-03,9.9,16.23,2.56,0.7,1016.1,1024.9
1494,2021-02-04,9.9,15.98,2.54,5.1,1014.5,1023.2
1495,2021-02-05,5,11.23,2.26,5.3,1012,1020.7
1496,2021-02-06,9.8,15.42,2.43,9.5,1007,1015.4
1497,2021-02-07,9.1,14.57,2.42,10.1,1009.3,1017.7
1498,2021-02-08,10.1,17.04,2.65,3.2,1014.6,1023.3
1499,2021-02-09,10.3,17.34,2.66,2.8,1017.2,1026
1500,2021-02-10,9.9,15.68,2.47,6.6,1014.7,1023.3
1501,2021-02-11,4.1,10.98,1.98,8.3,1015.4,1024
1502,2021-02-12,6.7,13.13,2.17,10.7,1014.6,1023.1
1503,2021-02-13,9.9,16.31,2.54,12.6,1014.1,1022.5
1504,2021-02-14,0,3.81,0.6,11.9,1005.9,1014.3
1505,2021-02-15,8.8,16.04,2.6,8.1,998.1,1006.5
1506,2021-02-16,10,17.87,2.72,2,1005.1,1013.8
1507,2021-02-17,10,17.71,2.62,-3.2,1006.2,1015.1
1508,2021-02-18,10.3,18.55,2.78,-2.4,1009.8,1018.7
1509,2021-02-19,10.5,18.91,2.81,4.3,1008.4,1017.1
1510,2021-02-20,9.8,16.6,2.58,11.8,1002.7,1011.1
1511,2021-02-21,10.3,17.81,2.71,14.6,1003.8,1012
1512,2021-02-22,10,16.92,2.61,15.2,1003.5,1011.7
1513,2021-02-23,9.9,17.37,2.61,8.4,1012.8,1021.3
1514,2021-02-24,3.6,12.52,2.17,7.8,1015.2,1023.8
1515,2021-02-25,0.3,5.77,1.15,8.8,1013.6,1022.2
1516,2021-02-26,3.2,11.91,2.49,9.1,1012.7,1021.2
1517,2021-02-27,1.7,7.74,1.85,7.4,1019.8,1028.4
1518,2021-02-28,1.9,11.32,2.13,10.5,1017.1,1025.6
1519,2021-03-01,0,2.84,0.53,12.4,1005.9,1014.2
1520,2021-03-02,1.3,9.96,2.08,4.5,1013.7,1022.4
1521,2021-03-03,9.8,18.67,2.77,6.1,1020.5,1029.2
1522,2021-03-04,0.5,8.09,1.66,9.2,1014.8,1023.3
1523,2021-03-05,3.8,14.02,2.61,12.5,1009.6,1018
1524,2021-03-06,1.8,7.14,1.4,8.1,1017.4,1026
1525,2021-03-07,3.7,11.39,2.04,6.5,1019,1027.6
1526,2021-03-08,6.8,17.01,2.76,8.4,1017.7,1026.2
1527,2021-03-09,7.8,17.52,2.94,9.7,1014.9,1023.4
1528,2021-03-10,10.7,21.16,3.05,10.3,1018.8,1027.4
1529,2021-03-11,8.4,17.8,2.5,11.5,1017,1025.4
1530,2021-03-12,0,2.92,0.5,10,1009.2,1017.7
1531,2021-03-13,10.2,20.4,3.03,10.9,1011.2,1019.7
1532,2021-03-14,10.2,20.18,2.9,12.3,1010,1018.3
1533,2021-03-15,9.4,18.65,2.76,12.9,1008.4,1016.7
1534,2021-03-16,8.6,19.2,2.9,15.2,1003.5,1011.7
1535,2021-03-17,8.7,20.12,3.13,11.4,1009.7,1018.1
1536,2021-03-18,8,21.63,3.16,11.4,1011.3,1019.7
1537,2021-03-19,7.7,20.81,3.14,12.1,1010.7,1019.1
1538,2021-03-20,0,2.28,0.38,10.9,1002.8,1011.2
1539,2021-03-21,7.7,18.94,2.92,10.1,1002.8,1011.2
1540,2021-03-22,11.2,24.46,3.36,8.2,1010.2,1018.7
1541,2021-03-23,11.3,23.23,3.24,10.7,1012.4,1020.9
1542,2021-03-24,7.4,18.48,2.9,12.8,1012,1020.4
1543,2021-03-25,11.4,23.4,3.2,14.7,1011.1,1019.4
1544,2021-03-26,11.1,22.91,3.24,15.8,1012.5,1020.8
1545,2021-03-27,1,6.31,1.28,14.8,1004.7,1012.9
1546,2021-03-28,9.1,21.57,3.33,15.5,994.5,1002.6
1547,2021-03-29,7.5,19.06,2.8,15.1,997.9,1006
1548,2021-03-30,9.5,22.13,3.25,14.5,1002.2,1010.5
1549,2021-03-31,10.7,22.98,3.3,13.9,1006.3,1014.5
1550,2021-04-01,6.2,17.95,3.05,14.3,1010.3,1018.6
1551,2021-04-02,4.3,18.63,3.11,15.7,1011.2,1019.5
1552,2021-04-03,0.4,8.55,2,16.4,1005.1,1013.3
1553,2021-04-04,0,4.88,0.93,10.8,1005,1013.4
1554,2021-04-05,11.8,26.22,3.51,11.1,1012.1,1020.5
1555,2021-04-06,8.3,21.24,3.46,12.8,1010,1018.4
1556,2021-04-07,11.5,25.34,3.35,15.9,1009.4,1017.6
1557,2021-04-08,10.2,23.74,3.28,14,1008.5,1016.8
1558,2021-04-09,9.1,21.95,3.02,12,1016.1,1024.6
1559,2021-04-10,11.7,25.16,3.16,11,1022.3,1030.8
1560,2021-04-11,11.8,26.27,3.45,13.7,1021.4,1029.8
1561,2021-04-12,0,5.02,1.08,14.2,1011.9,1020.2
1562,2021-04-13,8.7,21.22,3.27,16.4,1001.3,1009.5
1563,2021-04-14,9.6,24.82,3.66,10.7,1007.6,1016
1564,2021-04-15,9.7,22,2.96,12.6,1010.2,1018.5
1565,2021-04-16,7.3,22.29,3.32,14.7,1007.8,1016.1
1566,2021-04-17,7.6,21.7,3.28,15.1,1003.8,1012.1
1567,2021-04-18,11.1,25.88,3.34,12,1006,1014.4
1568,2021-04-19,12.1,27.87,3.6,15,1007.1,1015.4
1569,2021-04-20,11.3,25.28,3.36,17.6,1010.6,1018.8
1570,2021-04-21,10.1,24.99,3.38,18.6,1013.1,1021.3
1571,2021-04-22,3.6,17.15,3.5,19.7,1010.8,1018.9
1572,2021-04-23,0.3,13.64,2.38,17,1010.3,1018.5
1573,2021-04-24,9,26.05,3.5,15.7,1010.8,1019
1574,2021-04-25,8.8,24.93,3.53,15.1,1011,1019.3
1575,2021-04-26,12.3,27.92,3.61,13.6,1013.7,1022
1576,2021-04-27,5.5,20.5,3.02,15.1,1010.4,1018.7
1577,2021-04-28,10.9,25.21,3.33,17.1,1006.8,1015
1578,2021-04-29,8.1,22.27,3.45,17.3,997.9,1006
1579,2021-04-30,11.5,27.4,3.52,16.8,995.7,1003.8
1580,2021-05-01,2.8,13.72,2,12.2,995.8,1004
1581,2021-05-02,5.7,18.37,2.57,12.6,1005.9,1014.3
1582,2021-05-03,11.6,28.76,3.65,15.5,1009.5,1017.8
1583,2021-05-04,0.2,7.37,1.49,16.4,1004.1,1012.3
1584,2021-05-05,10.1,26.99,3.66,18.5,1002.6,1010.7
1585,2021-05-06,7,22.25,3.23,17.1,1008.1,1016.2
1586,2021-05-07,5.3,20.96,3.72,17.4,999.4,1007.5
1587,2021-05-08,11.8,27.12,3.35,17,996.7,1004.8
1588,2021-05-09,12.3,29.35,3.58,17.9,1000.1,1008.2
1589,2021-05-10,2.8,15.1,2.76,17.5,1004.2,1012.4
1590,2021-05-11,0,9.47,1.41,16.4,1005.9,1014.1
1591,2021-05-12,5.5,22.7,3.41,18.5,1003.5,1011.6
1592,2021-05-13,9.2,26.78,3.76,19.7,1003.3,1011.4
1593,2021-05-14,10.1,24.95,3.19,19.4,1004,1012.1
1594,2021-05-15,0,3.15,0.55,18.8,999.7,1007.8
1595,2021-05-16,0,2.38,0.37,19.3,995,1003
1596,2021-05-17,0,3.87,0.71,14.7,998.6,1006.8
1597,2021-05-18,0,5.55,0.79,16.1,1001.8,1010
1598,2021-05-19,9.5,26.49,3.51,19.3,1002.5,1010.6
1599,2021-05-20,0,2.63,0.54,16.9,996.1,1004.2
1600,2021-05-21,5.9,20.44,2.83,18.4,996.5,1004.5
1601,2021-05-22,12.5,29.69,3.65,19,1000.4,1008.5
1602,2021-05-23,9.6,26.31,3.18,21.5,1001.1,1009.1
1603,2021-05-24,5.4,15.85,3.52,18.8,998.8,1006.8
1604,2021-05-25,8.2,22.53,3.34,19.9,998.3,1006.3
1605,2021-05-26,2.3,16.57,3.12,17.9,1001.3,1009.4
1606,2021-05-27,3.4,12.26,1.66,16.9,994.1,1002.2
1607,2021-05-28,6,19.28,3.29,17.6,993.5,1001.6
1608,2021-05-29,11.5,29.45,3.62,18.7,997.4,1005.5
1609,2021-05-30,12.5,29.58,3.64,19.8,1001.2,1009.3
1610,2021-05-31,9.6,26.04,3.37,20.3,1003.5,1011.6
1611,2021-06-01,10.8,27.67,3.41,21.2,1005.9,1014
1612,2021-06-02,6.8,21.25,3.12,21.4,1005,1013
1613,2021-06-03,0,2.69,0.36,19.2,995.8,1003.8
1614,2021-06-04,8.3,26.55,3.87,20.7,992.9,1000.8
1615,2021-06-05,10.7,26.68,3.52,20.2,994.8,1002.7
1616,2021-06-06,10,26.87,3.48,20.9,999.8,1007.8
1617,2021-06-07,12.1,28.38,3.53,21.6,1005.2,1013.2
1618,2021-06-08,11.5,28.42,3.52,23,1007,1015
1619,2021-06-09,11.8,28.97,3.56,23.1,1007.4,1015.4
1620,2021-06-10,5.3,19.38,2.98,22.4,1005.4,1013.4
1621,2021-06-11,0,3.15,0.56,20.8,1003.3,1011.4
1622,2021-06-12,0,4.52,0.66,20.9,1003.3,1011.3
1623,2021-06-13,6.4,23.95,3.4,22.8,1000.1,1008
1624,2021-06-14,3.5,18.67,2.74,22.4,998.3,1006.3
1625,2021-06-15,0,4.79,0.76,20.8,995.8,1003.8
1626,2021-06-16,0,8.66,1.42,20,995.6,1003.6
1627,2021-06-17,0.9,13.49,1.94,19.9,997.9,1005.9
1628,2021-06-18,0,8.68,1.35,20,993.5,1001.5
1629,2021-06-19,12.5,30.05,3.65,22.9,992.3,1000.1
1630,2021-06-20,10.8,27.39,3.61,23,993.7,1001.6
1631,2021-06-21,11.4,29.64,3.78,23.9,995.6,1003.5
1632,2021-06-22,8.9,26.02,3.51,21.3,1001.1,1009.1
1633,2021-06-23,5,20.67,3.26,21.1,1002.8,1010.8
1634,2021-06-24,5,20.36,2.64,21.7,1003.4,1011.4
1635,2021-06-25,12.5,28.58,3.58,22.2,1002.7,1010.6
1636,2021-06-26,5.6,19.61,3.42,23,1001.9,1009.9
1637,2021-06-27,11.2,28.44,3.5,23.8,998.9,1006.9
1638,2021-06-28,11,27.46,3.59,24.1,996.4,1004.3
1639,2021-06-29,7.9,24.55,3.32,23.5,997.4,1005.4
1640,2021-06-30,8.1,25.39,3.5,23.9,998.8,1006.7
1641,2021-07-01,8.2,24,3.51,24.8,998,1005.9
1642,2021-07-02,4,18.37,2.31,24.7,1000.2,1008.1
1643,2021-07-03,0,5.1,1.18,22.9,999.8,1007.7
1644,2021-07-04,2.2,14.03,2.99,23.9,997.7,1005.6
1645,2021-07-05,0,5.56,1.01,22.7,1001.5,1009.5
1646,2021-07-06,0,2.49,0.68,23.4,999.7,1007.6
1647,2021-07-07,0.1,3.54,0.87,23.7,999.9,1007.8
1648,2021-07-08,0.4,9.92,1.79,23.7,997.5,1005.4
1649,2021-07-09,2,12.34,1.97,24.4,997.3,1005.2
1650,2021-07-10,4.7,20.42,3.32,25.3,1000.2,1008.1
1651,2021-07-11,8.7,25,3.28,26.2,1002.1,1010
1652,2021-07-12,8.5,25.48,3.63,27.2,1002,1009.9
1653,2021-07-13,7.2,22.97,3.26,27,1003,1010.8
1654,2021-07-14,8.7,23.88,3.08,27.5,1004.6,1012.5
1655,2021-07-15,8.8,23.22,3.47,27.3,1006.4,1014.3
1656,2021-07-16,8.1,24.35,3.43,27,1006.1,1013.9
1657,2021-07-17,2.9,16.7,2.75,25.5,1003.9,1011.8
1658,2021-07-18,2.5,15.49,2.11,26.3,1003.5,1011.4
1659,2021-07-19,1.6,15.14,2,26.8,1004.9,1012.8
1660,2021-07-20,11.3,26.95,3.34,28.4,1005.5,1013.4
1661,2021-07-21,8.4,22.12,3,27.9,1003.8,1011.6
1662,2021-07-22,8.7,22.92,3.17,28,1002.3,1010.2
1663,2021-07-23,9.2,24.79,3.48,27.8,1001,1008.8
1664,2021-07-24,9.9,24.71,3.4,28.1,1000.1,1007.9
1665,2021-07-25,7.5,23.33,3.36,27.9,998.7,1006.5
1666,2021-07-26,10.9,27.65,3.28,28.1,996.6,1004.4
1667,2021-07-27,11.6,28.18,3.49,28.1,994.6,1002.4
1668,2021-07-28,10.2,25.47,3.51,27.9,994.5,1002.3
1669,2021-07-29,11.3,26.68,3.44,28.1,994,1001.7
1670,2021-07-30,11.5,26.09,3.52,27.8,993,1000.7
1671,2021-07-31,4.7,16.87,2.3,28,992.3,1000
1672,2021-08-01,8.6,23.86,3.31,29.1,992.1,999.8
1673,2021-08-02,10.3,25.09,3.38,29,995.2,1002.9
1674,2021-08-03,4.8,18.65,3.39,28,999.7,1007.5
1675,2021-08-04,11.1,26.77,3.4,29.4,1000.3,1008.1
1676,2021-08-05,12.3,27.66,3.43,29.8,997.4,1005.1
1677,2021-08-06,11.6,27.36,3.46,30.4,994.1,1001.8
1678,2021-08-07,8.9,24.16,3.36,29.7,993.8,1001.5
1679,2021-08-08,0,4.91,0.81,25.3,993,1000.8
1680,2021-08-09,4.3,18.41,3.32,26.3,993.6,1001.4
1681,2021-08-10,5,20.45,3.27,26.2,1000.6,1008.5
1682,2021-08-11,3.1,13.63,2.5,26,1002.1,1010
1683,2021-08-12,3.8,17.6,2.37,26.3,1000.7,1008.6
1684,2021-08-13,0,6.2,0.66,25,997,1004.9
1685,2021-08-14,1.3,8.24,1.33,23.6,997.7,1005.6
1686,2021-08-15,5.2,16.08,2.74,24.7,1004.6,1012.5
1687,2021-08-16,7.3,21.02,2.7,25,1004.9,1012.8
1688,2021-08-17,1.8,9.01,1.74,22.8,999.4,1007.4
1689,2021-08-18,0.4,9.32,1.48,23.4,999.8,1007.7
1690,2021-08-19,2.2,13.59,1.69,24.6,1002.2,1010.1
1691,2021-08-20,9.4,23.82,3.27,25.5,1004.5,1012.4
1692,2021-08-21,0,1.29,0.21,23.8,998.9,1006.8
1693,2021-08-22,7.1,18.99,2.57,26.1,1000.1,1008
1694,2021-08-23,0,5.08,0.94,24,1000.2,1008.1
1695,2021-08-24,0,2.11,0.41,25.5,993.9,1001.7
1696,2021-08-25,0.2,5.2,1.61,24.3,999.1,1007
1697,2021-08-26,9.2,23.73,3.4,26.4,1003.8,1011.7
1698,2021-08-27,5.2,16.62,2.71,26.2,1003.8,1011.6
1699,2021-08-28,8.6,23.06,3.23,26.7,1004.3,1012.2
1700,2021-08-29,4.2,14.31,3.07,26.6,1004.2,1012.1
1701,2021-08-30,5.9,19.28,2.92,26.4,1006.1,1014
1702,2021-08-31,2.6,14.94,2.84,26,1005.8,1013.7
1703,2021-09-01,0.3,7.95,1.4,24.9,1000.7,1008.6
1704,2021-09-02,0,6.89,1.26,21.6,1001.1,1009.1
1705,2021-09-03,1.1,11.61,2.02,22.1,1000.1,1008
1706,2021-09-04,1.3,12.63,2.04,23,1005.6,1013.6
1707,2021-09-05,1,9.87,2.09,22.7,1008.6,1016.7
1708,2021-09-06,1.1,12.02,1.95,23.1,1007.8,1015.8
1709,2021-09-07,0.8,9.92,2.7,24.5,1000.9,1008.8
1710,2021-09-08,4,17.04,2.5,24.4,1000.9,1008.7
1711,2021-09-09,5.3,18.81,2.77,24.2,1004.9,1012.8
1712,2021-09-10,0.3,7.11,1.31,22.8,1005,1013
1713,2021-09-11,11.3,23.56,3.19,24.9,1003.6,1011.5
1714,2021-09-12,6.7,17.51,2.42,24.9,1004,1012
1715,2021-09-13,0.1,9.89,1.58,23.6,1007.8,1015.8
1716,2021-09-14,0,2.99,0.51,21.5,1005.6,1013.6
1717,2021-09-15,6.1,17.53,2.6,22.9,1005.9,1013.9
1718,2021-09-16,1.1,6.69,1.24,22.7,1003,1011
1719,2021-09-17,0,2.33,0.34,20.3,997.9,1005.9
1720,2021-09-18,6.8,18.13,2.89,22.5,1005,1013.1
1721,2021-09-19,10.5,21.55,3.12,22.7,1006.8,1014.8
1722,2021-09-20,5.2,17.45,3.11,23.1,1004,1012
1723,2021-09-21,0.4,4.62,0.97,23,998.9,1006.8
1724,2021-09-22,,,,23.1,1000.7,1008.6
1725,2021-09-23,10.4,21.82,3.02,22.8,1007.2,1015.2
1726,2021-09-24,6,16.89,3.13,22.1,1012.7,1020.8
1727,2021-09-25,2.8,13.52,2.45,22.1,1012.6,1020.6
1728,2021-09-26,2,12.09,1.73,21.7,1010.6,1018.7
1729,2021-09-27,5.8,16.83,2.82,21.8,1006.6,1014.7
1730,2021-09-28,0.4,9.21,2.18,22.4,1004.1,1012.1
1731,2021-09-29,2.1,12.34,2.45,24.2,1000.1,1008
1732,2021-09-30,2.3,9.14,1.61,22.1,998.9,1006.8
1733,2021-10-01,10.4,20.17,2.91,22.2,999.6,1007.6
1734,2021-10-02,10.3,19.24,2.86,23.3,1004.8,1012.8
1735,2021-10-03,10.4,19.57,2.87,23.5,1011.7,1019.7
1736,2021-10-04,8.9,19.26,2.93,24.5,1012.9,1020.9
1737,2021-10-05,10.3,19.91,2.92,24.4,1012,1020
1738,2021-10-06,8.1,17.76,2.79,23.4,1010.3,1018.3
1739,2021-10-07,10,18.94,2.91,23.4,1007.7,1015.7
1740,2021-10-08,3.5,11.44,1.98,23.3,1010.9,1018.9
1741,2021-10-09,5.1,12.19,2.15,23.7,1012.6,1020.6
1742,2021-10-10,7.9,15.99,2.7,24.9,1009.3,1017.3
1743,2021-10-11,0.1,5.78,1.16,21.1,1009.5,1017.6
1744,2021-10-12,0,6.32,1.41,18.6,1014.4,1022.6
1745,2021-10-13,1.7,11.62,2.45,19.9,1014.3,1022.4
1746,2021-10-14,7.9,14.65,2.12,21.4,1009.8,1017.8
1747,2021-10-15,6.8,15.39,2.57,21.9,1007.3,1015.3
1748,2021-10-16,0,3.27,0.48,14.7,1008.8,1017.1
1749,2021-10-17,10.3,19.4,2.86,10.2,1014.3,1022.8
1750,2021-10-18,10.2,18.62,2.76,13.6,1013.1,1021.5
1751,2021-10-19,7.7,17.09,2.7,14.4,1008.6,1016.8
1752,2021-10-20,7.9,16.45,2.79,13.7,1010.4,1018.8
1753,2021-10-21,0,3.88,0.86,12.6,1008.9,1017.3
1754,2021-10-22,10.2,17.66,2.67,13.2,1010.4,1018.8
1755,2021-10-23,7.5,15.23,2.38,15.1,1017.6,1025.9
1756,2021-10-24,7.1,12.5,2.19,15.8,1015.9,1024.3
1757,2021-10-25,9.3,16.6,2.63,16.7,1011.8,1020
1758,2021-10-26,10,17.32,2.48,15.9,1009.8,1018
1759,2021-10-27,9.5,15.74,2.43,17.1,1008.7,1016.9
1760,2021-10-28,9.6,16.55,2.54,16.9,1012.3,1020.5
1761,2021-10-29,2.7,9.74,1.76,15.9,1015,1023.3
1762,2021-10-30,2.4,9.01,1.52,16.6,1014,1022.2
1763,2021-10-31,10.1,15.92,2.44,17,1013.9,1022.1
1764,2021-11-01,8,13.31,2.25,17,1012.7,1021
1765,2021-11-02,9,15.16,2.47,14.9,1010.5,1018.8
1766,2021-11-03,7.6,14.27,2.44,15,1008.3,1016.6
1767,2021-11-04,8.5,13.81,2.35,15.1,1009.7,1018
1768,2021-11-05,7.2,12.32,2.28,16.5,1011.1,1019.3
1769,2021-11-06,7.8,13.37,2.31,16.7,1010.4,1018.6
1770,2021-11-07,7.1,14.5,2.52,18.2,1010.3,1018.5
1771,2021-11-08,0.2,2.16,0.6,14.1,1002.6,1010.9
1772,2021-11-09,8.3,13.47,2.3,10.1,1001.9,1010.2
1773,2021-11-10,7.2,13.84,2.77,10.2,998.5,1006.8
1774,2021-11-11,6.5,12.16,2.12,10.3,1001.6,1010
1775,2021-11-12,5.5,10.35,2.38,8.8,1007.7,1016.2
1776,2021-11-13,9.9,14.59,2.28,10.1,1010.3,1018.8
1777,2021-11-14,9.5,13.66,2.19,12.9,1010.3,1018.7
1778,2021-11-15,9.5,13.6,2.24,13.3,1012.3,1020.7
1779,2021-11-16,8.4,12.19,2.13,13.1,1014.1,1022.5
1780,2021-11-17,9.2,13.48,2.17,12.5,1013.8,1022.2
1781,2021-11-18,9.3,13.18,2.13,13.2,1010.4,1018.7
1782,2021-11-19,9.5,13.53,2.2,14.5,1009.2,1017.5
1783,2021-11-20,7.5,10.85,1.8,14.8,1011.2,1019.5
1784,2021-11-21,1.8,7.17,1.44,15.2,1007.9,1016.2
1785,2021-11-22,1.8,7.83,1.5,9.9,1003.9,1012.3
1786,2021-11-23,8.1,13.21,2.41,6.2,1007.9,1016.4
1787,2021-11-24,7.7,12.36,2.11,9.3,1009.1,1017.5
1788,2021-11-25,8.4,11.4,2.18,11.7,1008.9,1017.3
1789,2021-11-26,9.5,13.54,2.24,8.9,1016,1024.5
1790,2021-11-27,9.5,13.35,2.2,8.4,1024.1,1032.7
1791,2021-11-28,9.4,13.41,2.17,10.3,1024.4,1033
1792,2021-11-29,9.1,13.16,2.19,11.6,1017.8,1026.3
1793,2021-11-30,0,0.5,0.12,10.9,1003.3,1011.6
1794,2021-12-01,9.3,13.33,2.22,3.9,1009.7,1018.3
1795,2021-12-02,9.4,13.11,2.18,3.8,1010.8,1019.5
1796,2021-12-03,7,10.25,1.91,7.4,1008.4,1017
1797,2021-12-04,8.6,12.13,2.1,5.6,1016.4,1025
1798,2021-12-05,5.2,9.5,2.01,8.3,1019.3,1027.8
1799,2021-12-06,5.3,9.42,1.68,10.8,1016.7,1025.2
1800,2021-12-07,7.4,10.93,2.03,11.4,1017.3,1025.8
1801,2021-12-08,5.6,9.93,1.8,10.2,1022.1,1030.7
1802,2021-12-09,5.2,9.7,1.74,11.9,1019.8,1028.3
1803,2021-12-10,6.3,10.03,2.02,12.6,1015.5,1023.9
1804,2021-12-11,8.4,11.31,1.9,11.8,1015.1,1023.6
1805,2021-12-12,4.9,7.2,1.26,8.6,1012.6,1021.1
1806,2021-12-13,9.2,13.2,2.19,2.3,1015.6,1024.4
1807,2021-12-14,9.1,12.42,2.03,4.4,1013.1,1021.8
1808,2021-12-15,7.1,10.43,1.91,9.4,1012.7,1021.2
1809,2021-12-16,0.1,2.82,0.62,8.8,1008.7,1017.2
1810,2021-12-17,8,11.87,2.13,2.7,1009.8,1018.5
1811,2021-12-18,9.2,12.81,2.11,-1.4,1015.9,1024.8
1812,2021-12-19,8.6,12.17,2.08,4,1012.9,1021.6
1813,2021-12-20,8.6,11.17,1.91,7.9,1010.5,1019
1814,2021-12-21,8.8,11.15,1.95,10.2,1007.7,1016.1
1815,2021-12-22,9.1,11.88,2,9.4,1012.1,1020.6
1816,2021-12-23,8.8,11.28,1.96,8.7,1014,1022.5
1817,2021-12-24,3.4,6.33,1.45,7.7,1010.4,1018.9
1818,2021-12-25,9.2,12.93,2.19,-1.6,1016.1,1024.9
1819,2021-12-26,9.2,13.16,2.21,-5.2,1021.1,1030.2
1820,2021-12-27,9.1,12.59,2.11,-1.8,1020.1,1029
1821,2021-12-28,7.8,11.15,1.97,3.9,1017.9,1026.6
1822,2021-12-29,5.1,9.7,1.93,6.2,1010.8,1019.4
1823,2021-12-30,8.9,12.47,2.13,2.8,1012.9,1021.6
1824,2021-12-31,9.2,12.99,2.18,-0.1,1018.3,1027.1
